,centerX,centerY,width_box,height_box,axis,rotation,num_labels
18279,236.50000029057264,238.99999935925007,49.00000225007523,135.99999946355825,vertical_axis,0.0,46
201,124.00000196695328,286.49999865144497,37.00000242888916,96.00000005960464,vertical_axis,0.0,24
15801,234.0,231.0,200.0,100.0,horizontal_axis,89.4134796417572,3
