,centerX,centerY,width_box,height_box,axis,rotation,num_labels
531,172.0,112.0,80.0,208.0,vertical_axis,0.0,9
13921,66.5,85.5,133.0,123.0,vertical_axis,0.0,8
13252,440.49999725073576,142.50000133365393,141.0000008791685,214.9999982863665,vertical_axis,0.0,10
27104,92.5,94.5,99.0,135.0,horizontal_axis,0.0,8
15087,267.5,134.5,229.0,257.0,vertical_axis,0.0,3
26410,59.0,143.0,158.0,238.0,vertical_axis,0.0,6
28376,241.50000021606684,216.500000230968,25.000002607703152,80.00000029802322,vertical_axis,0.0,3
