,centerX,centerY,width_box,height_box,axis,rotation,num_labels
24455,135.5,201.0,239.0,366.0,vertical_axis,0.0,32
21552,348.99999767541885,214.5000006183982,74.00000187754631,402.9999954849482,vertical_axis,0.0,8
13804,295.0,341.0,44.0,100.0,vertical_axis,0.0,3
