,centerX,centerY,width_box,height_box,axis,rotation,num_labels
8310,194.5,292.0,73.0,69.0,vertical_axis,0.0,15
19620,309.99999839067465,299.9999968409539,75.00000372529018,65.00000104308128,vertical_axis,-75.81602174536675,4
2392,311.0938950403897,297.6291197116325,69.0,74.0,vertical_axis,6.05023007288257,6
22898,308.99999921023846,297.9999984502793,74.00000187754625,71.00000043213373,horizontal_axis,12.220886556602435,3
9369,257.5,194.0,112.0,126.0,vertical_axis,0.0,16
9367,122.0,291.0,73.0,64.0,vertical_axis,0.0,3
