,centerX,centerY,width_box,height_box,axis,rotation,num_labels
12986,279.0,210.0,106.0,100.0,vertical_axis,25.997533617569047,24
4834,261.4999999180436,66.00000210106367,121.00000117719172,105.99999991059305,vertical_axis,0.0,15
2257,207.49999854170744,172.9999989776918,90.99999672260005,110.00000030067883,vertical_axis,0.0,7
22100,131.0,346.0,200.0,100.0,vertical_axis,0.0,6
