,centerX,centerY,width_box,height_box,axis,rotation,num_labels
4474,374.99999645352375,254.9999983608724,90.00000327825535,134.99999895691877,vertical_axis,0.0,13
25967,191.0,256.0,66.0,90.0,vertical_axis,0.0,14
28392,379.999998152256,235.9999994635582,174.0000003874302,193.99999859929085,vertical_axis,0.0,16
14000,190.5000019520521,244.49999867379665,155.0000013411045,116.99999949336058,vertical_axis,0.0,18
14001,69.00000557303412,230.999999076128,93.00000318884844,170.99999788403522,vertical_axis,0.0,8
