,centerX,centerY,width_box,height_box,axis,rotation,num_labels
6047,290.5,180.5,135.0,91.0,horizontal_axis,0.0,9
22978,141.53443587461686,233.97281386993603,127.0,89.0,vertical_axis,6.683864108034129,7
16492,290.5,179.0,137.0,96.0,vertical_axis,0.0,11
12383,268.48221712565373,310.63968336168136,148.00000077486044,146.99999929964548,vertical_axis,3.019173478576292,12
24277,141.90337619115172,231.5802532143364,134.0,93.0,horizontal_axis,4.289153328818998,7
23849,273.49999947845936,259.4999979883433,173.0000008046627,254.9999953806401,vertical_axis,4.863171605745833,10
24276,412.0,110.0,54.0,53.0,horizontal_axis,1.909152432996379,4
