,centerX,centerY,width_box,height_box,axis,rotation,num_labels
26379,223.0,149.5,50.0,297.0,vertical_axis,0.0,5
15540,423.000002352758,72.99999883066516,133.99999907016752,122.00000030994416,vertical_axis,0.0,44
7506,195.0,158.0,166.0,122.0,vertical_axis,5.249963405931268,6
29270,163.999999852901,130.00000038743036,71.00000192224985,40.000000894069615,vertical_axis,-1.449588830837456e-05,10
4702,219.1302252906,34.04629488130786,55.00000307295028,64.00000076293941,vertical_axis,-14.271501084298748,5
21198,174.5,137.5,200.0,120.0,horizontal_axis,0.0,4
21683,219.8078058552818,35.58350179387628,127.99999718621076,100.0,vertical_axis,-12.160620005678028,3
