,centerX,centerY,width_box,height_box,axis,rotation,num_labels
11025,462.5,228.0,57.0,100.0,vertical_axis,0.0,5
1565,474.5,60.5,71.0,123.0,vertical_axis,0.0,4
24224,104.5,129.5,71.0,235.0,vertical_axis,0.0,10
23082,100.50000231713044,122.50000073760742,77.00000183284277,222.9999981671572,horizontal_axis,0.0,5
25848,365.4999983683229,177.4999999180436,41.00000236928457,161.99999907612795,vertical_axis,0.0,3
31236,190.0531834719859,181.94122073223605,51.0,100.0,vertical_axis,0.6320791805859329,5
