,centerX,centerY,width_box,height_box,axis,rotation,num_labels
2039,120.0,327.0,80.0,100.0,vertical_axis,0.0,12
13611,278.0,422.0,86.0,100.0,vertical_axis,0.0,23
30399,144.0,180.0,200.0,100.0,vertical_axis,0.0,7
10987,185.2686254890271,62.62476082583101,72.0,67.0,vertical_axis,0.9363134478131768,29
34544,169.5,82.0,351.0,126.0,vertical_axis,0.0,4
34757,237.99999824166304,93.00000485777838,200.0,100.0,vertical_axis,0.0,3
34545,273.0,338.5,167.0,187.0,vertical_axis,0.0,6
21181,273.0,167.0,168.0,177.0,vertical_axis,0.0,4
