,centerX,centerY,width_box,height_box,axis,rotation,num_labels
30970,309.0,291.0,200.0,72.0,vertical_axis,0.0,6
34290,306.0,171.0,36.0,69.0,vertical_axis,0.0,34
4487,284.99999913573265,296.4999960809947,439.99999284744285,55.00000134110451,horizontal_axis,0.0,7
19084,43.5,261.0,51.0,86.0,vertical_axis,0.0,3
11461,260.0,172.5,44.0,55.0,horizontal_axis,0.0,4
12579,262.5,165.0,200.0,97.0,horizontal_axis,90.0,3
19791,107.00000222027302,235.9999989420176,200.0,100.0,vertical_axis,-15.993598609543014,3
