,centerX,centerY,width_box,height_box,axis,rotation,num_labels
28720,342.0,102.5,30.0,134.0,vertical_axis,0.0,4
19818,189.0000003874302,323.99999898672104,138.00000092387194,100.0,vertical_axis,0.0,39
9980,344.999997244941,259.9999999152289,46.00000326368519,443.99999270969033,vertical_axis,0.0,3
28718,187.0,323.0,152.0,100.0,horizontal_axis,0.0,4
16621,345.5,255.5,46.0,171.0,vertical_axis,0.8114479730361239,4
28722,411.0,290.0,51.0,81.0,vertical_axis,0.0,3
