,centerX,centerY,width_box,height_box,axis,rotation,num_labels
18205,251.99999976158145,316.9999990910292,52.0000022053718,57.000000640749874,vertical_axis,0.0,13
8744,134.0,334.0,67.0,55.0,vertical_axis,0.0,32
8743,372.5,219.5,67.0,273.0,vertical_axis,0.0,23
33767,368.0,221.0,200.0,272.0,vertical_axis,0.0,5
