,centerX,centerY,width_box,height_box,axis,rotation,num_labels
34105,256.99999998509884,171.0000006705522,507.9999954104424,195.99999856948853,vertical_axis,0.0,21
11459,257.0,177.5,322.0,185.0,vertical_axis,0.0,7
2142,258.0,176.0,317.0,174.0,horizontal_axis,0.0,4
20722,259.0,179.0,200.0,176.0,vertical_axis,0.0,7
5472,235.5,315.0,53.0,36.0,vertical_axis,0.0,3
5812,263.0,32.0,295.0,42.0,vertical_axis,0.0,3
28967,74.0000054240225,224.9999997317791,48.00000452995289,85.00000044703489,vertical_axis,0.0,11
28966,437.9999945759776,227.99999964237213,48.00000452995289,85.00000044703489,vertical_axis,0.0,8
