,centerX,centerY,width_box,height_box,axis,rotation,num_labels
119,380.9999981373549,126.00000108778475,200.0,100.0,vertical_axis,0.0,11
2062,370.5,219.5,397.0,355.0,vertical_axis,0.0,9
11016,48.0,261.0,94.0,154.0,vertical_axis,-2.087983832723353,10
7290,49.89132598287998,263.77885733319243,80.0,84.0,horizontal_axis,0.7892160937101238,3
11018,338.5,278.5,334.0,131.0,vertical_axis,5.345445372767102,6
31067,359.0015828020892,116.8083168688184,461.999996095896,144.99999932944775,vertical_axis,-0.5888472989217206,5
31068,338.4999987706542,295.99999855458736,348.9999977797272,196.99999855458736,horizontal_axis,0.0,3
