,centerX,centerY,width_box,height_box,axis,rotation,num_labels
266,240.500000461936,181.50000004470348,250.9999984800816,290.99999430775665,vertical_axis,0.0,20
17187,340.5,321.0,53.0,62.0,vertical_axis,0.0,17
33335,236.0,130.5,280.0,169.0,vertical_axis,0.0,3
28681,393.5,247.0,79.0,83.0,vertical_axis,0.0,4
