,centerX,centerY,width_box,height_box,axis,rotation,num_labels
11711,380.0,246.0,94.0,82.0,vertical_axis,0.0,27
5731,256.0,209.0,200.0,100.0,vertical_axis,0.0,3
30666,212.0000006556511,235.99999959766865,94.00000157952304,66.00000050663948,vertical_axis,0.0,4
22666,378.5,258.0,93.0,66.0,horizontal_axis,0.0,5
20389,127.49999383288662,228.00000091186888,251.0000024476481,100.0,horizontal_axis,0.0,6
30038,133.0,240.0,96.0,100.0,vertical_axis,0.0,3
