,centerX,centerY,width_box,height_box,axis,rotation,num_labels
22611,42.5,197.0,31.0,140.0,vertical_axis,0.0,37
18282,165.5000013485551,92.00000096857548,43.00000233948225,100.0,vertical_axis,0.0,24
6302,423.99999499321,86.50000210106367,136.00000190734858,95.0000001490116,vertical_axis,0.0,5
