,centerX,centerY,width_box,height_box,axis,rotation,num_labels
15135,376.2592609783696,206.1506871039965,96.00000154972072,225.9999981224537,vertical_axis,-6.293957692375457,17
7151,371.9702682335227,153.4831771315616,98.0,119.0,vertical_axis,-0.4855458300081352,9
29537,141.00000171363354,188.00000043213367,44.00000232458103,67.00000049173826,vertical_axis,-10.926565313606687,4
17170,368.9732902649879,157.48323641167082,131.0,100.0,horizontal_axis,89.67061256098414,3
