,centerX,centerY,width_box,height_box,axis,rotation,num_labels
18059,260.0,245.0,183.0,144.0,vertical_axis,0.0,34
25895,256.0,207.49999982863665,87.00000168383116,72.00000041723251,horizontal_axis,0.0,10
33269,231.971542833888,181.4086442389788,101.00000147521496,495.9999940991404,vertical_axis,73.41763127122574,7
34476,134.5,108.5,193.0,147.0,vertical_axis,0.0,12
7912,257.5,103.0,81.0,54.0,vertical_axis,0.0,3
