,centerX,centerY,width_box,height_box,axis,rotation,num_labels
13249,87.0000023394822,225.50000045448544,59.000002101063615,168.9999989718199,vertical_axis,0.0,22
10603,226.46526660268245,327.76126677513275,121.00000125567108,174.99999880790722,vertical_axis,15.145309079990213,19
2048,101.0,210.5,115.0,212.0,horizontal_axis,0.0,4
13623,429.5,268.5,127.0,281.0,vertical_axis,0.0,10
3218,180.5,111.0,313.0,194.0,vertical_axis,0.0,11
20811,258.5,213.0,140.0,94.0,vertical_axis,0.0,9
28939,435.0,267.5,108.0,297.0,horizontal_axis,0.0,3
