,centerX,centerY,width_box,height_box,axis,rotation,num_labels
34484,288.52279641976446,136.91812191703036,200.0,63.0,horizontal_axis,87.1553443952266,5
6815,444.5,183.0,132.0,158.0,vertical_axis,0.0,6
8470,398.0,358.0,85.0,111.0,vertical_axis,0.0,10
27236,289.2929059167431,118.5119065077102,61.99999805580484,161.00000085939064,vertical_axis,-1.929580610740743,23
26402,392.0,46.0,162.0,100.0,vertical_axis,0.0,7
16543,445.5000026697464,140.49999909130008,46.99999784447917,68.99999956326047,vertical_axis,0.0,10
4916,120.99987295681012,304.92725765495766,91.00000162422651,96.0000000596047,vertical_axis,-0.2033050143117947,4
12257,283.9999985396862,121.50000435486412,59.00000735372262,165.999996557832,horizontal_axis,-3.405341762605204,5
19815,401.99999782443047,349.9999978393316,215.99999976158145,119.99999970197678,vertical_axis,0.0,4
