,centerX,centerY,width_box,height_box,axis,rotation,num_labels
233,135.0000018030405,107.50000000745058,146.0000008046627,130.999999538064,vertical_axis,0.0,9
5852,237.0,59.5,56.0,121.0,vertical_axis,0.0,28
16422,335.5,97.0,37.0,78.0,vertical_axis,0.0,15
2778,449.1297855182023,127.49083427737094,143.0,174.0,vertical_axis,8.03414101383619,7
