,centerX,centerY,width_box,height_box,axis,rotation,num_labels
31746,155.00000150501728,163.50000029057264,82.00000175833702,118.99999971687794,vertical_axis,0.0,47
9360,135.0,162.0,117.0,122.0,horizontal_axis,0.0,3
