,centerX,centerY,width_box,height_box,axis,rotation,num_labels
23876,244.0,229.5,41.0,67.0,vertical_axis,0.0,30
12971,414.0,245.0,30.0,68.0,vertical_axis,0.0,15
13442,341.0,135.5,80.0,165.0,vertical_axis,0.0,33
16533,466.8074071665772,124.97974118306549,35.99999768950698,147.00000066215347,vertical_axis,-43.5724929023753,3
