,centerX,centerY,width_box,height_box,axis,rotation,num_labels
9177,358.9999984651804,255.9999989271164,164.0000005364418,100.0,vertical_axis,0.0,6
17184,77.0,235.0,35.0,91.0,vertical_axis,0.0,5
5679,360.810672663669,264.67833032857266,166.0,111.0,horizontal_axis,0.1021213779965961,6
4223,366.5865768553849,269.99590077899313,125.0,115.0,vertical_axis,33.4701033503232,3
11750,442.5,220.0,43.0,34.0,vertical_axis,0.0,5
17185,258.5,205.5,34.0,34.0,vertical_axis,0.0,16
25876,102.17233778084426,163.60335008499794,23.000002637505474,207.99999839067465,vertical_axis,8.142845758542776,7
