,centerX,centerY,width_box,height_box,axis,rotation,num_labels
19654,255.5000000149012,165.50000001490116,514.9999906122687,330.99999311566376,vertical_axis,0.0,11
31884,256.0,188.9999996572733,200.0,229.9999980628492,vertical_axis,0.0,23
12890,134.00000363588322,239.9999977946282,34.000004947185346,100.0,vertical_axis,0.0,4
9158,400.4999978467822,162.00000005960464,95.00000156462188,321.9999966919424,vertical_axis,0.0,6
34741,260.94384627163686,168.0001751515075,217.9999997317791,100.0,horizontal_axis,89.64251241185765,3
