,centerX,centerY,width_box,height_box,axis,rotation,num_labels
9546,97.0,171.0,162.0,302.0,vertical_axis,0.0,21
23205,343.5,168.0,329.0,312.0,vertical_axis,0.0,26
5270,258.4999999627471,175.99999995529652,508.9999953955413,319.99999672174465,horizontal_axis,0.0,14
3268,95.0,168.0,161.0,303.0,horizontal_axis,0.0,11
21963,344.0,168.5,320.0,301.0,horizontal_axis,0.0,6
