,centerX,centerY,width_box,height_box,axis,rotation,num_labels
29551,371.9999982714653,231.499999769032,46.00000229477877,328.9999965876342,vertical_axis,0.0,12
1244,271.0,280.0,64.0,76.0,vertical_axis,0.0,23
4462,400.99999567866337,213.00000008940697,106.00000280141823,100.0,vertical_axis,0.0,15
31441,119.77723005539406,277.48755542666834,87.0,100.0,vertical_axis,0.1810778520471103,19
17176,475.4477114424046,107.92434514827784,39.0,70.0,vertical_axis,-8.550453975454445,4
