,centerX,centerY,width_box,height_box,axis,rotation,num_labels
34846,323.0,124.0,166.0,156.0,vertical_axis,0.0,30
10175,368.50000251457095,155.5000000782311,22.99999604374142,35.99999856948847,vertical_axis,0.0,3
7948,322.1682209301392,162.99916767723244,166.0,100.0,horizontal_axis,89.43302902210527,4
5691,60.0000058412549,165.99999958276743,195.0000001490116,100.0,horizontal_axis,269.4093512336278,3
