,centerX,centerY,width_box,height_box,axis,rotation,num_labels
4491,86.50000505149353,118.5000020116567,73.00000378489483,236.99999591708195,vertical_axis,0.0,15
7654,364.0,186.0,200.0,126.0,vertical_axis,0.0,17
3329,245.00000016391272,209.99999964237213,150.00000074505806,111.99999982118608,vertical_axis,21.98124743143734,14
3913,89.0,118.0,76.0,184.0,horizontal_axis,0.0,4
5990,92.00000244379038,128.0000008642673,200.0,249.99999776482585,vertical_axis,0.0,3
12987,330.5,112.5,37.0,31.0,vertical_axis,0.0,4
