,centerX,centerY,width_box,height_box,axis,rotation,num_labels
4870,214.5000006183982,169.0000003576278,105.00000141561026,117.9999997317791,vertical_axis,0.0,26
17224,180.5,297.0,61.0,84.0,vertical_axis,0.0,19
