,centerX,centerY,width_box,height_box,axis,rotation,num_labels
2950,377.5,276.5,116.0,249.0,vertical_axis,0.0,27
30499,250.0,243.0,140.0,298.0,vertical_axis,0.0,33
7283,63.924810561584025,261.99976443720254,138.0,258.0,vertical_axis,0.35900547288972,26
23193,190.5,187.0,98.0,379.0,vertical_axis,0.0,8
23472,249.0,244.0,133.0,298.0,horizontal_axis,0.0,3
18456,67.0,263.0,135.0,256.0,horizontal_axis,0.0,5
25945,380.5,349.0,100.0,96.0,vertical_axis,0.0,4
29880,193.5,111.5,86.0,213.0,vertical_axis,0.0,4
