,centerX,centerY,width_box,height_box,axis,rotation,num_labels
1754,390.5,143.5,57.0,65.0,vertical_axis,0.0,10
25395,268.88612400672685,193.5783511009228,126.0,182.0,vertical_axis,11.223362376021155,25
29431,113.0,123.5,36.0,143.0,vertical_axis,0.0,13
11227,334.2000744272833,275.4634898793217,53.0,109.0,vertical_axis,14.8378871960698,11
25397,115.51188955002168,299.2696293934944,67.0,75.0,vertical_axis,-23.210172437790646,7
17206,13.5,183.0,23.0,65.0,horizontal_axis,0.0,4
9179,114.00000211596485,170.0000005513429,110.00000134110444,228.9999980777502,vertical_axis,0.0,12
29434,439.0,109.5,68.0,64.0,horizontal_axis,0.0,4
