,centerX,centerY,width_box,height_box,axis,rotation,num_labels
8926,395.99999791383743,338.49999836832285,94.00000157952304,77.00000034272671,vertical_axis,0.0,22
3989,65.4783618277446,366.22775303151934,81.00000177323813,65.00000052154064,vertical_axis,48.692601461190826,9
13452,272.5,260.0,93.0,100.0,vertical_axis,0.0,13
8130,271.9999997615814,256.49999959021807,90.00000163912773,100.99999998509884,horizontal_axis,0.0,4
14724,145.5000032931565,281.9999984204769,33.000004976987725,36.00000190734863,vertical_axis,0.0,6
