,centerX,centerY,width_box,height_box,axis,rotation,num_labels
125,177.0,248.5000001117587,200.0,368.99999599158775,vertical_axis,0.0,9
11841,173.0,365.5,120.0,145.0,vertical_axis,-3.374288069190868,21
8448,189.0,203.0,44.0,42.0,vertical_axis,0.0,7
18927,188.0,203.0,36.0,37.0,horizontal_axis,0.0,3
