,centerX,centerY,width_box,height_box,axis,rotation,num_labels
1882,188.7526113454689,197.4772075438624,51.0,74.0,horizontal_axis,-38.36006023204604,22
2555,167.0,252.0,54.0,52.0,vertical_axis,-37.28432643645155,9
27826,55.7408805154821,170.18688746146148,53.00000438094128,56.000001311302185,vertical_axis,-5.059880237601959,8
9511,194.0,351.0,36.0,166.0,vertical_axis,-1.6365770416167322,15
13454,165.56504171718245,253.1895712096727,71.0,52.0,horizontal_axis,54.74364128703716,4
22987,143.38943748912732,206.7718546122068,62.0,60.0,horizontal_axis,12.33908727832619,4
27246,194.50000040151863,403.5000020780348,86.99999840801411,54.9999993660233,vertical_axis,0.0,13
8604,54.47033829734636,173.13878901901927,39.0,44.0,horizontal_axis,-3.945186229037589,5
33608,187.49999967962503,203.0000007897616,63.00000204145903,68.00000047683716,vertical_axis,0.0,3
