,centerX,centerY,width_box,height_box,axis,rotation,num_labels
9176,261.34224497243525,236.11552754896564,123.0000011473894,149.99999925494194,vertical_axis,-19.302384895275694,26
7265,262.3089044278363,236.0217956887944,157.0,114.0,horizontal_axis,66.59746870273806,4
30654,184.45653607930927,111.79610261528296,47.00000227987766,146.99999929964548,vertical_axis,-24.06665042264595,3
