,centerX,centerY,width_box,height_box,axis,rotation,num_labels
18188,423.4999975040555,247.9999991804361,95.00000156462188,98.00000002980232,horizontal_axis,0.0,7
2286,421.0000049612014,250.0000017138697,97.9999969330753,100.0,vertical_axis,9.960468820472173,13
16519,296.73582189242364,60.25657572890674,200.0,112.0,vertical_axis,16.816271086506333,22
30260,187.5169035688048,292.5056142885482,176.9999998277313,106.00000004493964,vertical_axis,-36.99898695335135,9
23008,142.0430366636851,153.41481528124916,81.0,111.0,vertical_axis,8.412345290426828,4
29456,292.47575001531163,180.17153565957275,139.0,100.0,vertical_axis,9.238958865307636,4
5229,220.73314586066687,157.51823021834826,272.9999989122153,100.00000000000006,vertical_axis,8.941748645810307,4
8151,263.9999998807906,189.5000000521541,433.99999651312834,322.9999966770411,vertical_axis,0.0,3
24162,185.66199834552168,280.90149297859807,125.0,174.0,vertical_axis,47.56686641990282,6
