,centerX,centerY,width_box,height_box,axis,rotation,num_labels
9548,251.04910991021376,171.0974641038174,121.0,44.0,vertical_axis,10.629799712931757,11
14891,98.5,277.0,37.0,150.0,vertical_axis,0.0,4
5454,288.0,256.0,27.0,40.0,vertical_axis,-8.950902640050913,10
18050,242.5,279.0,28.0,46.0,horizontal_axis,-4.809951375597677,5
8435,417.0,180.5,204.0,229.0,horizontal_axis,0.0,4
25532,189.92118765751968,225.39132451582825,118.0,72.0,horizontal_axis,-4.338078272518345,4
