,centerX,centerY,width_box,height_box,axis,rotation,num_labels
24213,341.5,147.0,153.0,222.0,vertical_axis,0.0,16
7300,340.0,100.0,102.0,122.0,vertical_axis,0.0,12
2758,470.5,258.0,82.0,68.0,vertical_axis,0.0,6
7301,76.5,217.5,77.0,45.0,horizontal_axis,0.0,5
12140,285.0,222.0,54.0,100.0,vertical_axis,0.0,9
14937,340.5,169.5,225.0,105.0,horizontal_axis,90.37204528720328,3
20410,388.0,205.0,44.0,85.0,vertical_axis,0.0,6
18807,339.0,95.0,200.0,100.0,vertical_axis,0.0,3
21839,256.0,227.9999993741513,200.0,100.0,horizontal_axis,269.8887495417057,3
