,centerX,centerY,width_box,height_box,axis,rotation,num_labels
25065,259.9999998807907,157.9999993443489,200.0,100.0,vertical_axis,0.0,35
8331,257.0,243.0,306.0,53.0,horizontal_axis,0.0,7
6296,263.99999976158136,180.9999986588956,526.9999902546408,70.00000089406967,vertical_axis,0.0,12
28025,260.49999993294483,149.99999979138374,300.9999984949828,100.0,horizontal_axis,0.0,3
12121,257.0,134.0,512.0,276.0,vertical_axis,0.0,7
