,centerX,centerY,width_box,height_box,axis,rotation,num_labels
19,176.0000011920929,137.00000032782555,200.0,131.99999952316284,horizontal_axis,0.0,6
29452,176.5,115.5,187.0,177.0,vertical_axis,0.0,30
8584,401.0,196.5,86.0,85.0,vertical_axis,0.0,18
7880,39.05694237711313,175.83218091322357,53.0,177.0,vertical_axis,-0.7865883938373202,12
15517,250.9999999295582,243.0000011834232,47.99999785856761,62.999999478730274,vertical_axis,0.0,6
29454,204.5,232.5,137.0,97.0,vertical_axis,0.0,3
