,centerX,centerY,width_box,height_box,axis,rotation,num_labels
34553,280.5,212.5,113.0,236.0,vertical_axis,0.0,21
8209,160.0,217.5,106.0,325.0,vertical_axis,0.0,17
212,262.4661196614997,406.6817386046854,328.9999980777502,91.00000013411056,horizontal_axis,-21.83823365218845,13
12502,221.5,205.0,237.0,306.0,vertical_axis,0.0,6
33065,401.5,158.5,65.0,308.0,vertical_axis,0.0,3
22257,323.48455742694364,381.5868952020677,50.0,136.0,vertical_axis,64.79887635452492,3
