,centerX,centerY,width_box,height_box,axis,rotation,num_labels
30763,353.5,239.0,135.0,170.0,vertical_axis,0.0,20
28205,29.261197673723387,255.35087025992192,75.0,109.0,vertical_axis,-3.576334374997373,10
4502,239.0,213.0,24.0,48.0,vertical_axis,0.0,9
315,446.5,291.0,91.0,23.0,horizontal_axis,0.0,5
8014,349.05443624582165,186.93006140375712,122.0,90.0,vertical_axis,0.8146035763696915,10
17219,244.40465531406164,300.463517726234,99.0,19.0,horizontal_axis,-8.541210685309863,3
