,centerX,centerY,width_box,height_box,axis,rotation,num_labels
14766,98.0,190.5,201.0,306.0,vertical_axis,1.071345059473714,9
2495,434.99999733269215,156.50000043958426,70.0000019371509,264.99999754130846,vertical_axis,0.0,25
13432,102.00000229477882,109.50000113993876,205.9999999105931,138.9999994188547,vertical_axis,0.0,9
34572,119.36732346845277,264.49205943629244,200.0,147.0,vertical_axis,-2.476781240772482,5
4701,354.4999979125131,121.00000137752944,37.00000345442004,64.00000076293938,vertical_axis,0.0,9
