,centerX,centerY,width_box,height_box,axis,rotation,num_labels
20925,360.783360326805,113.99819552517414,225.9999996125698,100.0,horizontal_axis,269.0668368054627,25
24292,195.0,221.0,105.0,89.0,vertical_axis,0.0,13
7292,354.0,278.0,144.0,100.0,vertical_axis,0.0,9
2487,105.50000224262465,148.00000022351742,16.000002741813546,85.0000002235173,vertical_axis,0.0,17
8067,448.0,111.0,49.0,222.0,vertical_axis,0.0,7
12644,405.1682958966537,109.50377560658744,229.0,137.0,horizontal_axis,88.69572321431076,3
15133,351.9999985694885,276.4999983087182,134.00000098347658,97.00000004470348,horizontal_axis,0.0,3
19421,181.0,109.0,27.0,31.0,vertical_axis,0.0,3
