,centerX,centerY,width_box,height_box,axis,rotation,num_labels
14,282.99999959766865,117.00000093877316,200.0,100.0,vertical_axis,0.0,5
13983,255.6468447003944,217.86092529549,71.00000384449947,98.0000000596046,vertical_axis,27.100499330201096,6
22636,257.5,124.0,437.0,164.0,vertical_axis,0.0,10
30983,439.0440037226173,77.8684702982369,44.0,100.0,vertical_axis,-29.26605885614832,3
11464,76.5,256.0,73.0,118.0,vertical_axis,0.0,14
21948,170.10783216370578,89.09759318263133,33.0,64.0,horizontal_axis,32.55666579210676,4
