,centerX,centerY,width_box,height_box,axis,rotation,num_labels
23674,457.9999894648797,192.99999916553497,48.00000792741753,100.0,vertical_axis,0.0,30
10618,118.50000218550348,92.00000135103846,85.00000182787568,125.99999958674113,vertical_axis,0.0,16
3116,156.45468868254352,222.44056677358407,313.0,93.0,horizontal_axis,-2.9894750911659145,3
1249,107.5,82.5,175.0,141.0,horizontal_axis,0.0,3
4460,455.9999940395355,161.00000047683716,56.0000042915342,34.00000196695328,horizontal_axis,0.0,4
21224,148.0,217.5,290.0,118.0,vertical_axis,0.0,6
22805,329.0,164.0,40.0,51.0,vertical_axis,1.1789107360232975,3
