,centerX,centerY,width_box,height_box,axis,rotation,num_labels
1412,133.0000009164214,203.9999999552965,25.000001303851604,86.00000010430813,vertical_axis,0.0,38
2089,485.0,167.0,54.0,60.0,vertical_axis,0.0,12
3345,156.50000148266548,288.9999986439942,101.00000147521496,28.00000107288355,vertical_axis,0.0,7
18819,71.0,264.0,200.0,100.0,vertical_axis,0.0,3
10197,319.49999905377626,194.00000005960464,79.00000180304045,123.99999964237212,vertical_axis,0.0,9
13178,344.5,263.0,20.0,47.0,vertical_axis,0.0,3
34044,174.0,198.0,180.0,100.0,horizontal_axis,0.0,3
