,centerX,centerY,width_box,height_box,axis,rotation,num_labels
19801,100.00000093877304,224.0000004768372,94.00000157952296,100.0,vertical_axis,0.0,54
13233,98.43583119422176,185.06770341591505,173.00000040233135,306.99999691545963,vertical_axis,0.5063673393558048,13
15296,301.0,381.0,43.0,85.0,vertical_axis,0.0,10
20973,150.5,425.0,173.0,174.0,vertical_axis,0.0,3
7333,113.0,314.0,52.0,50.0,horizontal_axis,0.0,4
