,centerX,centerY,width_box,height_box,axis,rotation,num_labels
11035,331.5,249.0,99.0,96.0,vertical_axis,0.0,33
31066,336.4999988004565,246.99999935925007,99.00000150501728,100.0,horizontal_axis,2.5201753968216423,4
23144,165.0,285.5,33.0,41.0,vertical_axis,0.0,3
