,centerX,centerY,width_box,height_box,axis,rotation,num_labels
8599,135.5,136.0,65.0,128.0,vertical_axis,0.0,37
27719,122.0,159.0,200.0,100.0,vertical_axis,0.0,7
14046,153.50000305473793,115.00000244379032,282.99999752640736,165.99999803304678,vertical_axis,0.0,3
