,centerX,centerY,width_box,height_box,axis,rotation,num_labels
23035,167.0,324.5,206.0,80.0,vertical_axis,0.0,10
33623,186.5000010356307,225.49999963492155,61.00000207126135,65.00000052154064,vertical_axis,0.0,13
2956,442.0,227.5,149.0,220.0,vertical_axis,0.0,3
20471,193.50000093132252,243.49999936670065,155.00000067055225,238.99999792873865,vertical_axis,0.0,24
23036,449.5450770636577,247.9090583438665,206.0,145.0,horizontal_axis,-22.7675668769117,5
4921,164.08678341503418,333.1371447477503,230.999999538064,75.00000037252897,horizontal_axis,-0.2155416808371058,3
5858,361.5,208.5,23.0,65.0,vertical_axis,0.0,3
27417,474.8260395186703,244.667276621862,224.0,158.0,vertical_axis,0.16983484716431,3
