,centerX,centerY,width_box,height_box,axis,rotation,num_labels
20484,439.9999972581864,204.99999935925007,138.00000092387205,100.0,vertical_axis,-2.7791840998497435,7
29546,312.4999991580844,192.999999538064,101.00000147521496,105.99999991059305,vertical_axis,0.0,26
30244,316.27964055589814,189.432885362778,100.9999992584955,87.99999991012066,horizontal_axis,89.31817827268782,5
28049,437.9885829542703,193.5728004480736,137.00000093877316,100.0,horizontal_axis,-3.061044010028126,3
28929,312.5,190.5,99.0,117.0,horizontal_axis,0.0,7
20483,75.00000269711018,192.999999538064,138.00000092387205,145.9999993145466,vertical_axis,0.0,9
16177,72.87370143529142,246.1923449326435,85.00000171363348,44.00000083446497,vertical_axis,-6.072472154355893,3
22671,75.0,248.5,21.0,40.0,vertical_axis,0.0,8
