,centerX,centerY,width_box,height_box,axis,rotation,num_labels
20754,293.5,204.0,299.0,212.0,horizontal_axis,0.0,4
10382,299.9999993443489,153.0000005513429,200.0,100.0,vertical_axis,0.0,51
17015,45.5,268.0,103.0,100.0,vertical_axis,0.0,7
9677,253.5,341.0,498.0,72.0,vertical_axis,0.0,3
