,centerX,centerY,width_box,height_box,axis,rotation,num_labels
27586,253.00000004470348,201.99999940395355,98.00000151991838,94.00000008940695,vertical_axis,18.19669542009109,16
32595,155.5,159.0,33.0,37.0,horizontal_axis,0.0,5
11077,247.9999999140249,207.50000048898403,93.99999886082831,96.99999996775928,horizontal_axis,0.0,3
7663,444.0,212.0,80.0,100.0,vertical_axis,0.0,5
