,centerX,centerY,width_box,height_box,axis,rotation,num_labels
6158,423.485643436843,217.35923071617867,38.99999539011742,289.00000541160153,vertical_axis,4.57872655085616,7
322,174.45759527002633,190.58307486560943,327.0,17.0,horizontal_axis,-5.513858316095181,3
17848,277.0,101.0,142.0,29.0,vertical_axis,0.0,9
10601,421.5044367624352,214.8237722295654,193.000000111262,297.999996852875,vertical_axis,2.88609965468666,24
25802,287.0,103.0,79.0,30.0,horizontal_axis,0.0,4
15077,171.9656358678498,188.6716874083865,332.0,16.0,vertical_axis,-4.751325315268204,3
