,centerX,centerY,width_box,height_box,axis,rotation,num_labels
23094,193.5000003650784,285.49999956041574,163.00000055134285,131.99999952316284,vertical_axis,0.0,25
7910,219.8932190474369,173.68657037648478,330.0,100.0,vertical_axis,22.21227858598636,18
25087,239.9999993443489,460.99999389052414,200.0,100.0,vertical_axis,0.0,5
23093,206.82241208729653,179.5772983516577,323.999998152256,81.00000028312206,horizontal_axis,20.70019298188176,3
25085,218.0,179.00000229477877,200.0,100.0,vertical_axis,21.9524383419012,3
