,centerX,centerY,width_box,height_box,axis,rotation,num_labels
11997,236.53166849157745,264.50114196737684,385.0,295.0,vertical_axis,0.0186100668822746,14
25555,232.0,293.0,200.0,204.0,vertical_axis,0.0,21
23515,244.4999996498228,63.5000028684735,37.00000242888922,116.99999974668032,vertical_axis,0.0,24
18253,121.00000149011612,57.50000295788041,178.00000032782555,114.99999977648258,vertical_axis,0.0,12
17688,234.9999997913837,307.9999992251396,200.0,219.99999821186063,horizontal_axis,0.0,3
