,centerX,centerY,width_box,height_box,axis,rotation,num_labels
27250,144.6167297895691,116.91981085312456,126.99999897154896,150.0000007044186,vertical_axis,14.794308924526703,25
736,141.00000171363354,89.00000190734858,146.0000008046627,100.0,horizontal_axis,0.0,3
2927,238.27071964523927,188.5683770764785,200.0,153.0,vertical_axis,10.20260302917039,8
3993,308.2478755396691,343.1399172467296,139.00000090897083,40.00000089406967,horizontal_axis,-4.927140034199283,7
27096,227.0,214.0,200.0,100.0,horizontal_axis,0.0,4
