,centerX,centerY,width_box,height_box,axis,rotation,num_labels
8454,191.0,122.0,70.0,124.0,vertical_axis,0.0,26
33934,74.49999744296059,177.99999971823257,86.99999840801402,59.999999436465146,vertical_axis,0.0,20
13642,65.0,179.0,116.0,62.0,horizontal_axis,0.0,7
9454,189.5,120.5,29.0,125.0,horizontal_axis,0.0,4
15520,295.0000005494465,181.9999997745861,14.999997393651256,31.999999041990748,vertical_axis,0.0,3
