,centerX,centerY,width_box,height_box,axis,rotation,num_labels
23359,213.0,336.5,132.0,127.0,vertical_axis,0.0,18
26196,375.5,367.5,57.0,81.0,vertical_axis,0.0,10
28279,250.5,255.5,505.0,509.0,vertical_axis,0.0,3
30010,219.00000098347664,349.4999972134829,200.0,120.99999937415124,horizontal_axis,0.0,4
34669,244.44711605816667,203.5921628253584,482.0,311.0,vertical_axis,-0.3657274694933647,3
