,centerX,centerY,width_box,height_box,axis,rotation,num_labels
17571,258.4999999627471,251.0,516.9999952763319,503.999993979931,horizontal_axis,0.0,12
3787,355.0,375.0,200.0,224.0,vertical_axis,0.0,5
25501,242.0000004172325,254.9999998807907,156.0000013113022,100.0,horizontal_axis,0.0,4
