,centerX,centerY,width_box,height_box,axis,rotation,num_labels
19873,177.0,263.0,200.0,478.0,vertical_axis,0.0,24
20461,135.13615831397,108.5524134217849,58.00000211596483,109.9999998509884,horizontal_axis,-14.743578130020396,4
1688,211.0,237.0,59.0,110.0,vertical_axis,-19.222856828101925,4
2027,207.0,368.0,63.0,107.0,vertical_axis,-17.54280500025628,4
19635,136.9773028982243,107.35106313725124,62.000004112720376,102.99999991059305,vertical_axis,-17.33047060786832,5
16415,184.0,274.0,192.0,450.0,horizontal_axis,0.0,11
