,centerX,centerY,width_box,height_box,axis,rotation,num_labels
5458,202.5,166.0,183.0,328.0,vertical_axis,0.0,29
6766,158.0,310.0,70.0,56.0,vertical_axis,0.0,16
4132,402.9999954998496,272.4999995082617,179.00000062584883,162.99999812245375,vertical_axis,0.0,7
