,centerX,centerY,width_box,height_box,axis,rotation,num_labels
14573,320.9999990314245,260.9999988973141,56.00000214576716,97.00000004470354,vertical_axis,0.0,22
21622,182.0,146.5,64.0,227.0,vertical_axis,0.0,27
3017,44.5,274.5,106.0,147.0,vertical_axis,0.0,3
20143,182.0,138.0,200.0,250.0,vertical_axis,0.0,3
