,centerX,centerY,width_box,height_box,axis,rotation,num_labels
3223,144.6588202435048,256.824853347906,142.0,467.0,vertical_axis,24.251218031619032,4
30656,45.27289711424163,234.17609643556472,94.00000157952304,103.9999999403953,vertical_axis,23.5507133246594,3
21559,45.7503320318217,392.03115676822347,44.00000232458103,191.9999986290932,vertical_axis,28.974518827305253,13
8299,262.2717188692308,231.148402427844,92.0,112.0,vertical_axis,-23.03504448918531,10
31710,261.4999985545874,305.66667408744473,310.9999966919424,305.9999938607217,horizontal_axis,0.0,3
21558,376.5896940653091,149.3921569392217,117.00000123679632,56.00000065565104,horizontal_axis,30.59522300990313,3
33345,256.52568092049944,231.61298735285595,112.0,86.0,vertical_axis,66.16601057933195,5
