,centerX,centerY,width_box,height_box,axis,rotation,num_labels
29442,71.5,123.0,129.0,119.0,vertical_axis,0.0,19
525,403.5,95.5,96.0,84.0,horizontal_axis,0.0,5
1390,268.99999990314245,120.99999998509884,134.00000049173832,119.9999998509884,vertical_axis,0.0,19
33151,399.5,90.0,111.0,100.0,vertical_axis,0.0,12
28589,68.5,124.0,128.0,104.0,horizontal_axis,0.0,6
10514,270.0,119.5,200.0,111.0,vertical_axis,0.0,4
21960,266.5,113.0,157.0,100.0,horizontal_axis,0.0,3
