,centerX,centerY,width_box,height_box,axis,rotation,num_labels
19799,100.50000230222936,254.5000000223517,145.0000008195639,502.99999399483215,vertical_axis,3.059336539403972,14
24692,266.0,258.0,172.0,496.0,vertical_axis,0.0,10
345,444.0,265.0,141.0,496.0,vertical_axis,0.0,11
7951,116.5,58.0,128.0,100.0,vertical_axis,0.0,5
3996,266.99999982118607,97.00000236928456,178.00000032782566,167.99999898672104,vertical_axis,0.0,9
31881,95.50000237673515,338.9999987632036,147.00000078976154,343.9999963641167,vertical_axis,4.942521578445394,3
