,centerX,centerY,width_box,height_box,axis,rotation,num_labels
27216,310.5,261.0,103.0,214.0,vertical_axis,0.0,19
6044,165.5,264.0,75.0,188.0,vertical_axis,0.0,11
14302,248.5,466.5,49.0,97.0,vertical_axis,0.0,7
2907,29.0,489.5,55.0,45.0,vertical_axis,0.0,9
4872,311.49999829381704,239.5000002458691,109.00000135600568,174.9999988824129,horizontal_axis,0.0,6
