,centerX,centerY,width_box,height_box,axis,rotation,num_labels
11225,92.59853468627853,155.18732357344948,164.0,298.0,vertical_axis,-4.474331808804081,28
19073,425.0,179.0,130.0,66.0,vertical_axis,0.0,9
7035,33.170581384634374,237.2874781357249,48.00000452995283,100.0,vertical_axis,-9.761225330283892,6
7929,461.5,328.0,44.0,45.0,horizontal_axis,0.0,3
28555,476.5,270.0,69.0,66.0,vertical_axis,0.0,11
27228,92.0,149.5,176.0,283.0,horizontal_axis,0.0,3
16024,91.30671534582292,79.2756991049668,171.0000015124678,150.99999734014287,vertical_axis,-3.3925463226357664,3
