,centerX,centerY,width_box,height_box,axis,rotation,num_labels
34026,282.55748819974883,350.3395263925325,193.00000014834933,138.9999991734823,vertical_axis,-12.912767539569115,32
14755,253.5,246.0,335.0,324.0,vertical_axis,0.0,19
19837,248.63487458898857,256.49696660729563,389.0,395.0,horizontal_axis,-1.5218893350448894,5
28427,279.81598997393434,340.0413037406961,190.0,100.0,horizontal_axis,76.78987952958839,3
