,centerX,centerY,width_box,height_box,axis,rotation,num_labels
26396,197.5,260.5,361.0,391.0,vertical_axis,0.0,19
16525,331.6387354020545,468.33244588549496,109.99999873204656,66.9999995350837,horizontal_axis,26.07771341202504,3
12655,202.5,262.0,291.0,50.0,vertical_axis,0.0,3
32208,201.0,78.5,92.0,25.0,vertical_axis,0.0,7
25449,196.00000009861856,242.49999980980704,349.00000209916726,398.0000041983347,horizontal_axis,0.0,3
4330,334.3062895627803,465.5853912016487,65.00000201165682,100.00000000000011,horizontal_axis,-64.90061972960973,3
26397,325.1615545556099,464.6960871604426,76.0,94.0,vertical_axis,-66.46877274558122,5
12654,196.0,179.0,232.0,108.0,vertical_axis,0.0,4
29857,195.9999997913837,276.99999937415123,200.0,427.99999022483854,vertical_axis,0.0,3
