,centerX,centerY,width_box,height_box,axis,rotation,num_labels
29400,287.51617815214263,184.2585180782769,125.0,100.0,vertical_axis,2.499839204810897,50
15717,397.5,89.0,35.0,91.0,vertical_axis,0.0,11
9432,155.0,223.0,74.0,72.0,vertical_axis,0.0,13
11405,258.9999999552965,251.999999076128,92.00000160932537,88.00000017881393,horizontal_axis,0.0,6
24666,163.5,221.5,72.0,89.0,horizontal_axis,0.0,4
32174,27.0,159.5,31.0,326.0,vertical_axis,0.0,3
