,centerX,centerY,width_box,height_box,axis,rotation,num_labels
26017,236.0,204.5,232.0,185.0,vertical_axis,0.0,14
18979,236.0,167.0,98.0,97.0,vertical_axis,0.0,9
9362,253.0,257.0,102.0,90.0,horizontal_axis,0.0,5
18980,238.0,168.0,98.0,97.0,horizontal_axis,0.0,6
11099,254.99999998925315,255.00000056958584,99.99999892530974,91.99999991402473,vertical_axis,0.0,9
29438,164.5,244.0,88.0,92.0,vertical_axis,0.0,4
