,centerX,centerY,width_box,height_box,axis,rotation,num_labels
20642,207.7303899782578,196.950991583311,74.0,251.0,vertical_axis,89.81114930556569,14
23667,260.4999997653067,121.00000380724646,67.00000693649014,100.0,vertical_axis,0.0,42
26401,23.0,185.0,53.0,48.0,vertical_axis,0.0,11
1209,10.0,303.5,19.0,14.0,vertical_axis,0.0,3
18201,400.53888834654254,162.6524324127775,84.0000017285347,84.00000023841864,vertical_axis,-15.97873681457112,6
