,centerX,centerY,width_box,height_box,axis,rotation,num_labels
26998,340.0,180.5,82.0,123.0,vertical_axis,0.0,31
14430,102.0,118.0,19.0,57.0,vertical_axis,0.0,9
31706,335.9999976158142,180.49999974668023,200.0,116.99999949336052,vertical_axis,0.0,3
30498,103.5,131.0,204.0,98.0,vertical_axis,0.0,4
26845,121.0,162.0,122.0,36.0,vertical_axis,0.0,6
