,centerX,centerY,width_box,height_box,axis,rotation,num_labels
4567,263.0182039943592,124.95947164236856,215.0,71.0,horizontal_axis,-12.11399444280326,5
24442,260.5,121.5,227.0,225.0,vertical_axis,-10.842663770753177,22
3499,257.9999999701977,123.0000000745058,225.9999996125698,222.99999816715723,horizontal_axis,-10.838580811295683,22
