,centerX,centerY,width_box,height_box,axis,rotation,num_labels
28444,287.0,104.0,97.0,73.0,vertical_axis,0.0,58
975,180.0,205.0,36.0,100.0,vertical_axis,0.0,37
11945,280.9999993155499,87.00561112324397,464.0,100.0,vertical_axis,0.0139779862346927,12
31116,260.9999999254942,139.0,499.9999955296517,100.0,horizontal_axis,0.0,5
23109,259.99999994039536,151.49999981373549,521.9999952018261,234.9999979883433,horizontal_axis,0.0,4
20728,259.0,142.0,511.0,233.0,vertical_axis,0.0,4
27009,74.0,98.0,23.0,58.0,horizontal_axis,0.0,4
