,centerX,centerY,width_box,height_box,axis,rotation,num_labels
2933,131.0,146.0,394.0,302.0,vertical_axis,0.0,5
13828,132.0,239.0,72.0,100.0,vertical_axis,0.0,21
31961,228.0,135.5,47.0,67.0,vertical_axis,0.0,21
17000,111.5,29.0,201.0,64.0,vertical_axis,0.0,8
13830,120.0,133.0,72.0,91.0,vertical_axis,0.0,8
23678,429.9999909251933,303.9999939501288,45.00000808387949,78.00000114738936,vertical_axis,0.0,12
30857,387.5,236.5,82.0,233.0,vertical_axis,0.0,4
15824,185.0,29.0,44.0,61.0,vertical_axis,0.0,7
18428,59.0,26.5,22.0,33.0,horizontal_axis,0.0,3
