,centerX,centerY,width_box,height_box,axis,rotation,num_labels
9792,72.50000273436302,166.0000003129244,109.0000013560056,238.99999792873865,vertical_axis,0.0,15
4163,195.5,154.0,127.0,264.0,vertical_axis,0.0,18
20951,434.99999733269215,156.00000046193594,126.00000110268591,237.99999794363976,vertical_axis,-3.098467053008406,32
15420,440.0,151.0,118.0,216.0,horizontal_axis,0.0,3
7626,437.00947536423314,143.99043188201,203.99999994039536,96.00000005960464,horizontal_axis,89.45434054157298,3
12255,68.00000980496355,166.5000010691582,117.0000043287871,241.99999259412328,horizontal_axis,0.0,3
