,centerX,centerY,width_box,height_box,axis,rotation,num_labels
24695,137.0,346.0,200.0,100.0,vertical_axis,0.0,6
8740,303.5,258.5,121.0,137.0,vertical_axis,0.0,17
4091,76.00000536441786,218.99999940395355,34.000004947185346,121.99999934434892,vertical_axis,0.0,4
20730,146.0,267.0,95.0,74.0,vertical_axis,0.0,6
22281,291.0,265.0,200.0,100.0,horizontal_axis,0.0,4
26573,155.0,134.0,86.0,76.0,vertical_axis,0.0,4
