,centerX,centerY,width_box,height_box,axis,rotation,num_labels
32776,403.0,278.5,68.0,193.0,vertical_axis,0.0,23
11256,160.5,250.5,103.0,357.0,vertical_axis,0.0,34
17235,369.5,44.5,92.0,83.0,vertical_axis,0.0,4
32569,26.0,268.0,42.0,214.0,vertical_axis,0.0,7
17236,52.409255741013226,441.9110131333118,92.0,29.0,horizontal_axis,16.328176216917313,3
