,centerX,centerY,width_box,height_box,axis,rotation,num_labels
2288,147.0923830128894,133.46598334873482,114.9999974442295,168.0000020446164,vertical_axis,38.54390940621171,7
28984,467.0677685399146,216.440748929212,54.00000435113884,148.9999985396862,vertical_axis,-1.1189247719108124,13
29864,301.6904776616426,266.6141339309266,185.0,156.0,vertical_axis,15.629370905509973,4
5818,465.4209018118836,217.5008939032037,51.0,152.0,horizontal_axis,-1.2949652030331151,3
8929,296.0449432418968,286.2386626427314,200.0,179.9999988079071,vertical_axis,-44.60757572760323,4
