,centerX,centerY,width_box,height_box,axis,rotation,num_labels
4527,112.5,303.0,77.0,200.0,vertical_axis,0.0,28
21863,321.7694192626774,228.81966001794024,368.9999974817038,93.00000010430811,horizontal_axis,269.71614514102896,12
9231,208.5,376.5,84.0,73.0,horizontal_axis,0.0,4
34205,94.34227921972791,492.5463322608132,151.0,119.0,vertical_axis,34.995943871606585,5
29513,100.00000178813934,116.500002078712,62.000002056360245,164.99999903142458,vertical_axis,-6.563188184286815,7
10892,205.48989382303444,372.5584403639575,75.00000186264515,83.00000025331974,vertical_axis,-62.01667948129492,6
2018,205.0,148.0,68.0,300.0,vertical_axis,0.0,3
6980,206.5,372.5,77.0,69.0,vertical_axis,0.0,7
