,centerX,centerY,width_box,height_box,axis,rotation,num_labels
2943,125.0,351.5,56.0,203.0,vertical_axis,0.0,27
5464,241.5,253.5,55.0,112.0,vertical_axis,0.0,22
20649,222.0,486.0,31.0,67.0,vertical_axis,51.6251775858042,17
4068,254.59964178280325,391.24305869300974,55.000004321336576,171.99999785423284,vertical_axis,35.23236781659361,3
19394,75.73495741845574,474.5507803592066,117.0,126.0,vertical_axis,42.10862415622691,3
