,centerX,centerY,width_box,height_box,axis,rotation,num_labels
14433,340.5,208.5,210.0,187.0,vertical_axis,0.0,16
7958,174.5,203.0,101.0,100.0,vertical_axis,0.0,22
23853,89.50000496208645,210.99999997019768,70.00000387430174,86.00000041723257,vertical_axis,0.0,15
2942,234.5,324.0,87.0,80.0,vertical_axis,0.0,14
26588,195.0,308.0,200.0,100.0,vertical_axis,22.64969959100572,4
28586,161.0,304.0,85.0,77.0,vertical_axis,0.0,9
16671,256.0,396.0,480.0,50.0,vertical_axis,0.0,5
11467,341.5,201.5,217.0,185.0,horizontal_axis,0.0,5
