,centerX,centerY,width_box,height_box,axis,rotation,num_labels
530,179.5,395.5,53.0,119.0,vertical_axis,0.0,3
1188,180.5,405.0,359.0,212.0,horizontal_axis,0.6657162083878347,12
12426,126.0000008046627,456.9999970048666,74.00000187754631,109.9999998509884,vertical_axis,0.0,6
15722,329.0,462.0,71.0,101.0,vertical_axis,0.0,3
23703,302.1786088088829,268.47453984028203,250.99999848008167,115.99999952316284,horizontal_axis,265.11467179008923,9
13593,54.97792278423145,275.520448626076,55.0,208.0,vertical_axis,4.386308869838743,10
5322,154.38424137274563,295.32400654287136,103.0,196.0,vertical_axis,10.853567342724176,4
5966,181.0,408.0,360.0,100.0,horizontal_axis,0.0,3
