,centerX,centerY,width_box,height_box,axis,rotation,num_labels
18844,179.0,297.0,200.0,418.0,vertical_axis,0.0,3
758,335.9999980479479,112.50000213831656,118.00000122189516,128.99999956786633,vertical_axis,0.0,20
27078,308.0,343.5,143.0,152.0,vertical_axis,0.0,10
26433,17.0719312491986,286.9813268387551,34.0,60.0,horizontal_axis,-1.032721876537181,5
30416,16.00000281631941,284.9999995678663,27.000002577900773,69.000000461936,vertical_axis,0.0,6
32457,179.5,128.5,63.0,83.0,vertical_axis,0.0,13
28054,139.69009352394107,250.0966223629934,50.00000223517412,68.00000047683722,vertical_axis,-18.495466563659534,4
27372,307.5,344.5,139.0,148.0,horizontal_axis,0.0,4
32459,328.5,202.0,113.0,56.0,horizontal_axis,0.0,3
