,centerX,centerY,width_box,height_box,axis,rotation,num_labels
33954,142.00000241597468,179.5000002013312,255.99999881320537,140.9999991310968,horizontal_axis,-0.9671826224135742,17
26823,140.0,178.0,200.0,136.0,vertical_axis,0.0,21
9153,397.9999978840351,171.0000002682209,70.0000019371509,69.000000461936,horizontal_axis,0.0,11
27412,395.0,172.0,90.0,88.0,vertical_axis,0.0,21
12588,253.0,179.5,498.0,151.0,horizontal_axis,-0.3031494437141333,4
31924,259.99999994039536,187.00000002980232,497.9999955594541,355.9999961853028,horizontal_axis,0.0,5
