,centerX,centerY,width_box,height_box,axis,rotation,num_labels
25376,108.5,138.5,68.0,60.0,vertical_axis,0.0,15
32972,250.634369894673,86.02587512154957,108.00000274181347,55.00000134110445,horizontal_axis,-18.67009396851533,15
34867,115.0,275.0,132.0,76.0,vertical_axis,0.0,45
32973,107.00000238418562,433.9999946951869,108.00000274181347,55.00000134110445,horizontal_axis,0.4243882548881004,16
10597,238.9999991734823,382.9999979813896,97.00000163714076,63.000000588099056,vertical_axis,0.0,19
5967,248.22242730804425,82.8762066641807,101.0,57.0,vertical_axis,-19.02613059608529,8
12077,103.0,433.0,112.0,56.0,vertical_axis,0.0,13
18414,271.5,284.0,90.0,46.0,horizontal_axis,0.0,3
