,centerX,centerY,width_box,height_box,axis,rotation,num_labels
23018,224.5,282.0,141.0,166.0,vertical_axis,0.0,32
23019,367.0,227.0,169.0,136.0,vertical_axis,0.0,30
15549,139.49999835870472,169.9999995209954,270.000000986186,342.00000340938584,vertical_axis,0.0,12
4053,141.00000342726696,97.00000318884838,289.999997317791,196.99999710917484,vertical_axis,0.0,3
19624,402.0023100714968,326.75838021009804,159.00000122189513,218.9999964535238,vertical_axis,67.8823847788844,5
