,centerX,centerY,width_box,height_box,axis,rotation,num_labels
23044,263.5,133.5,143.0,153.0,vertical_axis,0.0,34
13260,426.99999745190144,164.99999970197678,83.00000174343586,93.0000001043082,vertical_axis,0.0,24
4142,94.82523055325174,125.19004757667192,69.0,67.0,vertical_axis,-43.260876215320536,6
30529,93.0,152.5,146.0,127.0,vertical_axis,0.0,10
