,centerX,centerY,width_box,height_box,axis,rotation,num_labels
25097,167.00000265240664,125.00000062584871,200.0,100.0,horizontal_axis,-89.99999352633313,20
15958,45.495280791775286,162.21718612138153,76.0,144.0,vertical_axis,2.489552921999149,18
12421,250.00000008940697,173.9999995827675,33.00000248849392,101.9999999701975,vertical_axis,0.0,3
19686,168.0,100.0,200.0,100.0,horizontal_axis,91.64834450489612,4
29101,168.5000018543666,130.00000033908418,30.000003602769368,40.00000127156568,vertical_axis,0.0,7
