,centerX,centerY,width_box,height_box,axis,rotation,num_labels
9510,331.7066451656342,157.63506584233846,54.0,100.0,horizontal_axis,7.028396238949597,8
103,169.00000129640102,76.50000182539213,59.000002101063615,73.0000004023313,vertical_axis,0.0,15
31918,333.49999884516,135.00000095367426,47.000002279877606,46.000000804662704,vertical_axis,0.0,19
2714,164.76548057146954,108.37494964762811,106.99999803895088,72.9999994306632,vertical_axis,97.82425288154488,12
3438,217.5,374.0,129.0,41.0,vertical_axis,-9.560096480886315,4
11954,258.5,201.0,513.0,400.0,vertical_axis,0.0,3
33909,309.8697902691901,143.7670776314389,87.0,100.0,vertical_axis,45.92477878881967,6
28959,341.9999974370004,315.9999965131284,59.000004202127286,35.0000019371509,vertical_axis,-18.194221982854216,3
