,centerX,centerY,width_box,height_box,axis,rotation,num_labels
5455,234.92617385093573,334.33699437483546,46.0,127.0,vertical_axis,4.582696708134918,4
2057,295.0,284.5,64.0,151.0,vertical_axis,0.0,14
19261,80.50000908519155,322.9999914030376,61.00000207126135,103.9999999403954,vertical_axis,-9.165616887685246e-06,21
2060,163.0,128.5,43.0,66.0,vertical_axis,0.0,10
24023,214.0,261.0,200.0,100.0,vertical_axis,0.0,3
