,centerX,centerY,width_box,height_box,axis,rotation,num_labels
32879,257.0,216.0,26.0,118.0,vertical_axis,0.0,6
10025,257.5,275.5,95.0,257.0,vertical_axis,0.0,26
20632,108.0,153.5,85.0,276.0,vertical_axis,0.0,7
33129,112.5,254.5,83.0,87.0,vertical_axis,0.0,14
9343,113.0,253.0,67.0,75.0,horizontal_axis,0.0,5
27560,346.99999779462814,293.49999944120646,106.0000014007091,436.9999949783088,vertical_axis,-4.301657325961486,6
28266,204.0,227.0,362.0,434.0,vertical_axis,0.0,3
