,centerX,centerY,width_box,height_box,axis,rotation,num_labels
31897,232.38571018906703,125.20697210320742,383.9999972581864,183.9999987483025,vertical_axis,30.65873832014369,16
28682,239.0,429.0,66.0,52.0,vertical_axis,24.47302343872775,32
