,centerX,centerY,width_box,height_box,axis,rotation,num_labels
28419,286.0,270.0,200.0,100.0,horizontal_axis,95.22394759626845,4
18934,456.5,155.5,65.0,73.0,vertical_axis,0.0,20
27881,457.0,156.0,71.0,74.0,horizontal_axis,0.0,6
34236,286.0,263.0,104.0,150.0,vertical_axis,0.0,24
27882,174.04628198717882,75.41654310183154,35.0,39.0,vertical_axis,4.892029163697416,4
32779,275.5,105.0,63.0,208.0,vertical_axis,0.0,7
28422,452.5,234.0,111.0,242.0,vertical_axis,2.842137883655653,5
28421,238.2126824414564,409.3508675256279,160.0,100.0,horizontal_axis,15.633363745874206,5
