,centerX,centerY,width_box,height_box,axis,rotation,num_labels
24192,59.5,278.5,117.0,89.0,vertical_axis,0.0,18
8198,93.0,117.0,126.0,230.0,vertical_axis,0.0,23
1019,309.9999991953373,255.4999989643693,63.00000204145903,72.00000041723251,vertical_axis,0.0,5
8624,147.5,329.0,46.0,45.0,vertical_axis,0.0,3
10965,458.5,311.0,125.0,100.0,vertical_axis,0.0,11
