,centerX,centerY,width_box,height_box,axis,rotation,num_labels
23700,110.0000043511389,363.4999959021807,168.00000095367426,120.99999937415124,vertical_axis,0.0,20
33148,394.5,298.0,227.0,306.0,vertical_axis,0.0,21
5260,224.4461943665968,127.9991187288614,260.9999990910292,292.99999712407595,vertical_axis,40.65189473183718,3
11056,223.18291716088456,150.88283172195315,260.0000006448142,262.0000017409982,vertical_axis,-0.3012331872194664,6
4895,113.0,363.0,200.0,100.0,horizontal_axis,90.25028239114444,3
6064,193.0,314.0,159.0,119.0,vertical_axis,0.0,5
6391,391.0,301.0,245.0,302.0,horizontal_axis,0.0,3
19448,163.937394599352,317.2199393649905,200.0,147.0,vertical_axis,-56.66952469516667,4
