,centerX,centerY,width_box,height_box,axis,rotation,num_labels
22653,343.0,275.0,98.0,194.0,vertical_axis,0.0,22
28517,43.0,146.5,108.0,240.0,vertical_axis,0.0,11
31700,205.00000151991844,89.50000406801684,118.00000244379038,47.00000157952306,vertical_axis,-2.416129081107812,15
2887,353.5,96.0,33.0,49.0,vertical_axis,0.0,5
15690,117.5,29.0,30.0,58.0,vertical_axis,0.0,3
15126,341.96288988258163,276.4979002685003,204.9999999254942,100.0,horizontal_axis,88.99567937441284,6
29674,46.0,114.0,200.0,100.0,vertical_axis,0.0,3
