,centerX,centerY,width_box,height_box,axis,rotation,num_labels
21291,200.0,205.0,148.0,236.0,vertical_axis,0.0,26
1013,321.49999814480543,219.5000005438924,101.0000014752149,83.00000025331974,vertical_axis,0.0,8
34098,197.49999999254945,213.5000006332993,145.0000008195639,260.9999976009131,horizontal_axis,0.0,10
4154,321.5,221.0,104.0,82.0,horizontal_axis,0.0,7
2134,333.0,80.0,68.0,125.0,vertical_axis,-5.990594717924793,3
4155,73.5,399.5,51.0,191.0,horizontal_axis,-1.7341988367302434,4
23651,201.2764619938397,206.3793227164425,206.99999963492155,110.9999994263053,horizontal_axis,88.58556275341337,3
25441,77.4999983164397,401.0000020428139,60.99999804171637,188.0000012397767,vertical_axis,-2.688511030934322,3
