,centerX,centerY,width_box,height_box,axis,rotation,num_labels
15533,248.00000069033013,69.9999973795629,99.99999859116286,100.0,vertical_axis,0.0,21
30413,246.99999928474423,72.0000027418136,92.0000016093254,100.0,horizontal_axis,0.0,5
30648,134.78132792192497,255.4400691088777,124.00000113248824,314.99999679625046,vertical_axis,-30.67728922928218,5
10055,127.42525942333016,264.41411394228805,310.0,164.0,vertical_axis,63.00480672546307,7
