,centerX,centerY,width_box,height_box,axis,rotation,num_labels
27915,222.5,353.5,34.0,85.0,vertical_axis,0.0,6
19001,112.0,108.5,86.0,225.0,vertical_axis,0.0,14
2883,221.0,374.0,130.0,114.0,vertical_axis,0.0,8
11943,105.5,312.0,144.0,183.0,vertical_axis,0.0,14
28936,335.5,93.5,76.0,83.0,vertical_axis,0.0,11
14716,108.00000283122051,312.4999983161689,134.00000196695316,177.99999767541897,horizontal_axis,0.0,3
10214,329.4999981150031,135.50000179558992,115.0000012665987,182.9999987632037,vertical_axis,0.0,5
19002,110.0,114.0,86.0,225.0,horizontal_axis,0.0,4
18038,336.0,89.0,71.0,90.0,horizontal_axis,0.0,3
