,centerX,centerY,width_box,height_box,axis,rotation,num_labels
16506,408.0,59.5,200.0,63.0,vertical_axis,0.0,7
19820,442.233268462773,202.01895709782184,129.00000105798244,165.99999901652342,vertical_axis,17.846451396231743,10
13413,188.00000101327896,116.0000012814998,34.0000024735927,46.000000804662704,vertical_axis,0.0,23
15607,250.5,125.0,43.0,22.0,horizontal_axis,4.996760664571369,3
