,centerX,centerY,width_box,height_box,axis,rotation,num_labels
6806,214.2569788394369,197.09040061111224,84.0,137.0,vertical_axis,-17.92724921242609,28
34896,340.5,167.0,80.0,90.0,vertical_axis,0.0,12
23942,75.50000268965954,54.00000233948225,169.000000461936,100.0,vertical_axis,0.0,5
34225,93.5,162.0,101.0,125.0,vertical_axis,0.0,12
11053,330.2209106851502,49.07062926033234,229.00000031166027,96.99999996775936,vertical_axis,0.1668767457574063,3
31378,223.00000049173832,218.9999998807907,200.0,100.0,vertical_axis,0.0,3
