,centerX,centerY,width_box,height_box,axis,rotation,num_labels
5960,65.0,300.5,126.0,151.0,vertical_axis,0.0,27
31472,101.5,135.0,108.0,141.0,vertical_axis,0.0,21
31471,297.5,320.0,93.0,79.0,vertical_axis,0.0,13
3852,380.5,315.0,69.0,70.0,vertical_axis,0.0,10
1432,202.00000040233127,247.9999995604157,295.99999928474426,168.99999948590994,vertical_axis,0.0,4
34329,199.5,157.0,99.0,86.0,vertical_axis,0.0,14
33045,197.5,156.0,111.0,88.0,horizontal_axis,0.0,3
23813,153.0,102.0,218.0,192.0,vertical_axis,0.0,3
17693,63.40660075148338,296.6583778640002,162.0,133.0,horizontal_axis,90.49482815116272,3
