,centerX,centerY,width_box,height_box,axis,rotation,num_labels
308,289.0,480.0,85.0,26.0,vertical_axis,0.0,4
27367,302.0,421.0,110.0,137.0,vertical_axis,0.0,5
17555,214.499999664724,231.00000037252897,151.0000007301569,195.99999856948853,vertical_axis,0.0,25
5932,314.0,252.5,36.0,95.0,vertical_axis,0.0,4
25207,124.5,162.0,202.0,318.0,vertical_axis,0.0,4
31480,191.5,258.0,386.0,514.0,vertical_axis,0.0,3
30030,184.00000023841852,215.0000012218952,200.0,100.0,horizontal_axis,0.0,4
25674,107.0,220.0,200.0,100.0,horizontal_axis,268.0312327934762,4
