,centerX,centerY,width_box,height_box,axis,rotation,num_labels
14020,261.99999982118607,136.0000015497207,49.00000450015057,63.00000110268593,vertical_axis,0.0,56
25453,442.5000026274814,126.99999914060936,105.99999867569306,67.99999954917212,vertical_axis,0.0,9
5712,339.9999974966049,163.00000074505806,200.0,100.0,vertical_axis,0.0,7
28945,259.9999998807907,145.5000012665987,70.00000387430174,42.00000172853464,horizontal_axis,0.0,4
30001,262.99999979138374,148.00000119209284,200.0,100.0,horizontal_axis,0.0,4
