,centerX,centerY,width_box,height_box,axis,rotation,num_labels
7765,393.4999979510904,369.9999977052212,53.00000219047064,70.00000044703484,vertical_axis,0.0,53
16818,231.00000037252897,376.99999760091305,200.0,100.0,vertical_axis,0.0,10
4931,252.00000005960464,188.500000409782,66.0000019967556,136.99999944865704,vertical_axis,0.0,21
