,centerX,centerY,width_box,height_box,axis,rotation,num_labels
14749,206.5,202.5,99.0,267.0,vertical_axis,-0.3657274694933647,34
32388,386.5,189.0,153.0,324.0,vertical_axis,0.0,25
8084,72.5,242.0,49.0,74.0,vertical_axis,0.0,24
28664,25.0,261.0,50.0,33.0,horizontal_axis,0.0,6
30680,269.1913922020569,314.9313828326003,77.00000183284277,95.00000007450586,vertical_axis,47.90565034373857,5
29737,389.9148324897871,187.99977328697867,331.99999901652336,100.0,horizontal_axis,90.30498154772498,3
8531,386.99999902397394,190.9999999329448,156.00000032782555,329.99999828636646,horizontal_axis,0.0,5
