,centerX,centerY,width_box,height_box,axis,rotation,num_labels
23931,276.4999996945262,173.00000016391277,75.00000186264509,85.00000022351742,vertical_axis,0.0,47
10675,83.0,255.0,107.0,134.0,vertical_axis,0.0,27
25196,451.0,39.5,36.0,46.0,vertical_axis,0.0,25
2492,248.5000001117587,66.00000175833696,27.000002577900943,60.00000059604639,vertical_axis,0.0,4
3323,189.15547620673027,159.49354934108442,47.000002279877606,59.00000061094761,horizontal_axis,-1.1277452293809065,3
