,centerX,centerY,width_box,height_box,axis,rotation,num_labels
30875,204.0,74.0,126.0,106.0,vertical_axis,0.0,32
13217,206.0,191.0,42.0,44.0,vertical_axis,0.0,12
20577,336.78772140600574,170.75714899947798,185.0,141.0,vertical_axis,-17.081637852051813,6
29817,340.9999974668026,168.9999998509884,200.0,141.99999874830246,horizontal_axis,0.0,6
9505,189.57815876054224,263.4895068094376,119.0,88.0,vertical_axis,23.80594351845771,4
29820,220.0277806185788,206.3165586991264,74.00000375509256,92.00000023841858,vertical_axis,-26.318095594486262,4
