,centerX,centerY,width_box,height_box,axis,rotation,num_labels
7763,237.50000027567148,163.00000062584877,61.00000207126135,60.000000596046505,vertical_axis,0.0,8
1644,276.0,257.0,123.0,74.0,horizontal_axis,0.0,3
9668,403.5,145.0,91.0,100.0,vertical_axis,0.0,25
7050,247.5,162.0,133.0,100.0,horizontal_axis,0.0,18
32996,231.5000007301569,148.5000016838312,424.9999932944777,108.99999973177916,horizontal_axis,0.0,4
8442,265.0,258.0,200.0,100.0,vertical_axis,0.0,4
