,centerX,centerY,width_box,height_box,axis,rotation,num_labels
16559,99.99999897154883,81.49999754157912,173.99999963370232,133.00000046491624,vertical_axis,0.0,31
31892,173.0,334.49999883025885,342.999997869134,328.99999658763414,horizontal_axis,0.0,9
28217,145.11000285818653,269.65080305909066,75.0,70.0,vertical_axis,6.039664830753509,14
4187,170.0,402.5,330.0,173.0,vertical_axis,0.0,4
6451,100.5,59.5,169.0,89.0,horizontal_axis,0.0,6
7495,172.0,337.5,335.0,347.0,vertical_axis,0.0,5
11000,158.0,410.5,168.0,77.0,vertical_axis,0.0,5
34878,237.0,159.5,106.0,267.0,vertical_axis,0.0,3
