,centerX,centerY,width_box,height_box,axis,rotation,num_labels
12050,112.5,349.5,145.0,201.0,vertical_axis,0.0,12
16557,357.97215335276314,396.925635506908,124.99999894337212,219.00000167651623,vertical_axis,80.12172467340443,28
9252,115.5,375.0,88.0,104.0,horizontal_axis,0.0,6
9253,113.0,280.0,88.0,68.0,vertical_axis,0.0,8
22522,114.0,350.0,200.0,100.0,horizontal_axis,89.38149004330269,3
12054,99.48296624366674,199.80926416225063,59.0,112.0,vertical_axis,28.34276716566459,3
