,centerX,centerY,width_box,height_box,axis,rotation,num_labels
15869,103.00000227987766,258.99999918043613,98.00000151991844,70.00000044703484,horizontal_axis,0.0,30
2154,286.5,253.5,100.0,66.0,horizontal_axis,14.511059500169068,18
16168,385.6830802032204,277.9516691420123,88.00000166893005,70.00000044703484,horizontal_axis,52.19377289275653,3
28776,352.0,136.0,104.0,220.0,vertical_axis,-3.9213988876781087,12
17997,388.0,285.5,73.0,94.0,vertical_axis,-37.160067160727664,12
15870,255.0000000149012,379.9999973773956,505.9999954402448,54.000000685453415,vertical_axis,0.0,3
