,centerX,centerY,width_box,height_box,axis,rotation,num_labels
30265,284.0000002097184,201.49999971912703,246.0000003445373,385.0000021346343,vertical_axis,0.0,22
1766,273.0,276.0,150.0,226.0,vertical_axis,0.0,5
15274,474.5,110.5,54.0,149.0,vertical_axis,0.0,15
34753,256.0,239.0,200.0,100.0,vertical_axis,0.0,3
21394,286.0,98.0,44.0,100.0,vertical_axis,0.0,5
16165,284.40845458105,82.9978252460536,150.000000745058,35.00000096857548,horizontal_axis,90.08069582859612,3
