,centerX,centerY,width_box,height_box,axis,rotation,num_labels
4209,339.0,244.0,44.0,100.0,vertical_axis,0.0,30
21862,198.0000008642673,251.99999898672104,79.00000180304045,46.000000804662704,horizontal_axis,269.17168930562525,20
11280,96.0,260.0,47.0,53.0,vertical_axis,0.0,3
14818,342.0,244.0,200.0,100.0,vertical_axis,0.0,3
