,centerX,centerY,width_box,height_box,axis,rotation,num_labels
8171,289.9999994933605,94.00000166893,278.99999882280827,129.99999955296522,vertical_axis,0.0,35
32343,320.9999990314245,262.9999991506338,293.99999859929085,156.99999915063393,vertical_axis,0.0,31
19962,210.5,382.0,356.0,68.0,vertical_axis,0.0,16
24690,43.0,176.0,84.0,153.0,horizontal_axis,0.0,34
23490,323.0,265.0,308.0,156.0,horizontal_axis,0.0,3
28986,288.4999990314245,97.00000324845308,296.99999710917484,140.99999877810484,horizontal_axis,0.0,4
29527,213.00000064075,374.49999748915445,355.99999767541885,61.00000058114529,horizontal_axis,1.0748211604853282,4
