,centerX,centerY,width_box,height_box,axis,rotation,num_labels
27862,187.9999997913837,243.50000037252903,68.00000393390644,366.99999204278015,vertical_axis,2.6476256876330666,26
33280,48.05770298164981,373.0195881723839,129.0000010579824,100.99999998509878,vertical_axis,-33.78827169211581,5
4139,114.0,48.0,136.0,91.0,vertical_axis,0.0,20
25505,224.99999868869787,468.4999936670067,130.00000208616245,85.00000044703486,vertical_axis,0.0,20
15581,306.0,161.0,115.0,129.0,horizontal_axis,0.0,18
1191,67.5,233.0,107.0,120.0,horizontal_axis,0.0,18
9827,65.0,378.0,120.0,113.0,horizontal_axis,0.0,11
11266,300.0,311.0,104.0,126.0,horizontal_axis,0.0,14
21355,190.39133220091705,244.98943798006337,74.0,364.0,horizontal_axis,1.5858716053498227,6
