,centerX,centerY,width_box,height_box,axis,rotation,num_labels
19251,246.06182713585224,300.0459365554814,230.999999538064,120.9999996870756,vertical_axis,-0.7270784752672483,32
23477,245.0,299.0,234.0,116.0,horizontal_axis,0.0,3
