,centerX,centerY,width_box,height_box,axis,rotation,num_labels
34108,316.9999990910292,76.50000152736902,317.999998241663,148.99999926984316,vertical_axis,0.0,6
1038,374.9999982267618,227.49999927729368,205.99999991059303,172.99999891221523,vertical_axis,0.0,36
13602,220.0,269.0,49.0,66.0,vertical_axis,0.0,3
2387,217.5,262.0,51.0,64.0,horizontal_axis,0.0,3
30406,323.4999989941716,178.50000000745058,330.9999980479479,363.9999960660935,vertical_axis,0.0,5
16531,264.50000011975106,141.99999947873016,34.9999976754188,55.99999938011166,vertical_axis,0.0,3
15867,316.9999990910292,56.50000182539219,183.0000002533197,112.99999980628496,vertical_axis,0.0,6
