,centerX,centerY,width_box,height_box,axis,rotation,num_labels
33948,403.5000020780348,90.99999839392558,149.99999929558135,171.00000100027438,vertical_axis,0.0,16
8777,62.62147812609072,165.15450712190136,101.0,312.0,vertical_axis,-2.058901035301659,16
11767,326.0,272.5,254.0,197.0,vertical_axis,9.31477975428976,22
3630,401.4999956637623,92.00000336766232,133.00000199675554,147.99999856948858,horizontal_axis,0.0,3
5285,64.5,52.0,103.0,100.0,vertical_axis,-11.4587523458772,3
21667,188.5,115.5,163.0,118.0,vertical_axis,0.0,6
15289,330.6623426854875,281.4615018090841,286.0,255.0,horizontal_axis,13.009045343490897,3
20778,68.5,205.0,37.0,226.0,vertical_axis,0.0,4
