,centerX,centerY,width_box,height_box,axis,rotation,num_labels
4534,241.7972142277748,249.0039260583512,57.0,179.0,vertical_axis,-9.28923395627902,27
2245,136.50066161565434,232.0257158701653,56.99999570029189,146.00000138312288,vertical_axis,-2.948205083549084,21
18466,135.99084668564507,227.41897887861523,44.0,149.0,horizontal_axis,-4.660939538835578,5
3763,137.0,222.5,200.0,129.0,vertical_axis,0.0,7
16858,245.40548257095475,256.14474182075776,200.0,155.0,vertical_axis,-11.911049260917338,3
