,centerX,centerY,width_box,height_box,axis,rotation,num_labels
17818,254.0,242.5,352.0,351.0,vertical_axis,0.2941174626818679,22
21643,253.0,251.5,382.0,387.0,horizontal_axis,0.0,3
22990,181.0,259.5,138.0,288.0,horizontal_axis,0.0,7
4840,145.0000016540289,256.99999991059303,180.00000029802322,100.0,horizontal_axis,0.0,3
8653,259.5,253.0,273.0,100.0,vertical_axis,0.0,3
