,centerX,centerY,width_box,height_box,axis,rotation,num_labels
9336,162.0,117.5,206.0,185.0,vertical_axis,0.0,26
209,368.39790539559306,208.3152497639324,246.99999929964545,28.00000107288355,vertical_axis,-11.60555318920423,3
17773,164.0,125.0,200.0,161.0,horizontal_axis,0.0,8
4174,393.5527378287221,75.1485884914913,68.0,33.0,horizontal_axis,-16.725611485063,11
744,40.00000321865076,125.00000001490116,28.00000256299967,24.000001132488308,vertical_axis,0.0,4
4173,366.0312989727241,208.60320835783384,241.0,31.0,horizontal_axis,-12.041006116317376,11
