,centerX,centerY,width_box,height_box,axis,rotation,num_labels
17001,126.0,354.5,206.0,173.0,vertical_axis,0.0,31
31727,318.69858620567754,254.359036192097,278.99999882280827,135.99999946355814,vertical_axis,42.83384012747455,25
4849,269.6366613117052,398.012766623797,214.99999977648253,119.99999970197683,vertical_axis,43.39713837830733,14
28710,122.0,355.0,200.0,177.0,horizontal_axis,0.0,10
16498,78.07861462163373,223.9910639234905,149.0,228.0,horizontal_axis,-43.20741015408984,9
13981,199.49999986588955,461.9999938607218,333.99999600648897,44.00000166893005,horizontal_axis,0.0,3
