,centerX,centerY,width_box,height_box,axis,rotation,num_labels
15423,330.0,409.5,150.0,135.0,vertical_axis,0.0,21
22263,329.0,411.0,150.0,152.0,horizontal_axis,0.0,18
8640,330.0,137.5,148.0,255.0,vertical_axis,0.0,3
24286,32.93101967019743,320.7636109154829,88.0,62.0,horizontal_axis,12.33908727832619,3
21882,208.50000006705525,405.9999977648258,55.00000216066832,37.00000093877316,horizontal_axis,-5.154509914773556,4
10996,121.5,421.0,117.0,116.0,vertical_axis,0.0,4
11763,26.0,225.0,48.0,144.0,vertical_axis,4.130856233276404,5
