,centerX,centerY,width_box,height_box,axis,rotation,num_labels
32305,121.00000232458116,256.49999998509884,114.00000256299968,180.999997586012,horizontal_axis,0.0,5
1198,37.0,229.5,48.0,57.0,vertical_axis,0.0,12
28572,140.0,447.0,108.0,100.0,vertical_axis,0.0,11
17144,182.0,262.0,200.0,100.0,horizontal_axis,266.4956758969637,20
26135,245.0,286.5,70.0,103.0,vertical_axis,0.0,4
31709,178.5000006109476,264.4999997466803,256.9999983012677,232.9999960362913,vertical_axis,0.0,3
11407,187.50000017136333,268.4999998137355,256.99999915063387,234.99999798834327,horizontal_axis,0.0,4
