,centerX,centerY,width_box,height_box,axis,rotation,num_labels
545,269.0,333.0,200.0,100.0,vertical_axis,0.0,9
5241,446.49999713152647,158.00000146031374,115.0000012665987,135.9999994635583,vertical_axis,0.0,14
547,175.0,182.0,218.0,161.0,vertical_axis,0.0,7
12595,244.0,178.5,94.0,201.0,vertical_axis,0.0,19
19070,106.5,189.0,71.0,146.0,vertical_axis,0.0,23
5242,38.00000321865076,224.0000004768372,115.0000012665987,453.9999947249892,vertical_axis,0.0,4
7906,241.0,233.0,74.0,69.0,vertical_axis,0.0,4
