,centerX,centerY,width_box,height_box,axis,rotation,num_labels
9076,411.49999768286943,190.9999997019768,140.0000008940696,186.99999870359892,vertical_axis,0.0,25
22840,268.9999998062849,291.4999982044101,111.00000132620336,79.00000031292439,vertical_axis,0.0,26
27879,252.61752366083192,92.4794355064463,72.0,101.0,vertical_axis,-64.55613959594541,8
27876,131.0,183.0,208.0,198.0,vertical_axis,0.0,24
4636,408.0,135.0,134.0,100.0,vertical_axis,0.0,3
14417,254.2190379487841,89.51212242306019,87.0,61.0,horizontal_axis,22.764254899446456,3
