,centerX,centerY,width_box,height_box,axis,rotation,num_labels
6006,140.50000079721212,247.00000013411045,181.0000002831221,305.9999969303609,vertical_axis,0.0,17
1572,185.0,71.5,98.0,48.0,vertical_axis,0.0,18
25523,190.0000001192093,434.9999946653844,284.99999746680265,56.000001311302185,horizontal_axis,0.0,9
13824,286.0,242.0,84.0,294.0,vertical_axis,0.0,33
8129,139.4205010793313,248.49895724993016,174.00000038743013,306.9999969154597,horizontal_axis,-0.9797096341913232,6
11479,281.0,251.0,103.0,311.0,horizontal_axis,0.0,3
13826,187.5,432.5,291.0,61.0,vertical_axis,0.0,9
31752,69.50000185519457,80.00000262260431,40.00000238418579,53.00000070035463,vertical_axis,0.0,3
