,centerX,centerY,width_box,height_box,axis,rotation,num_labels
2541,163.0,132.0,88.0,260.0,vertical_axis,0.0,27
14425,239.5,317.0,51.0,54.0,vertical_axis,0.0,20
31758,59.000001564621925,273.9999997317791,23.000002637505474,62.000000566244125,vertical_axis,0.0,5
29691,164.0,128.0,200.0,288.0,vertical_axis,0.0,7
28225,241.0,318.5,53.0,52.0,horizontal_axis,0.0,10
16007,134.00000044703484,402.9999978095293,200.0,231.9999980330468,vertical_axis,14.87186672850862,9
16980,241.84535397974923,402.47964034951,59.0,222.0,vertical_axis,-0.9947263866775842,7
29692,242.0,395.5,200.0,201.0,vertical_axis,0.0,3
