,centerX,centerY,width_box,height_box,axis,rotation,num_labels
21874,267.9999990314245,434.4999973401427,90.00000163912773,124.99999962747096,vertical_axis,0.0,19
26205,129.39349180527336,403.0086056449801,147.0,148.0,vertical_axis,0.9527475252152584,26
23123,74.00000192224974,166.00000134110445,39.000002399086895,68.0000004768371,vertical_axis,0.0,11
21877,70.00000198185438,404.999997779727,35.0000024586916,124.99999962747104,vertical_axis,0.0,3
15562,208.1247623620029,321.806015227945,34.0,37.0,vertical_axis,-0.4694078973457465,6
28725,209.0,167.5,83.0,234.0,vertical_axis,0.0,11
12076,339.0,42.0,28.0,31.0,vertical_axis,0.0,3
23124,299.99999855458736,221.00000052154064,91.00000162422651,111.999999821186,vertical_axis,0.0,4
