,centerX,centerY,width_box,height_box,axis,rotation,num_labels
5214,395.499997921288,367.9999974668026,230.9999995380641,77.00000034272665,vertical_axis,0.0,6
29419,260.5,220.0,76.0,82.0,vertical_axis,0.0,18
1795,74.5000027045607,138.5000008866191,87.00000168383116,258.9999976307154,vertical_axis,0.0,15
32756,362.5,100.5,121.0,206.0,vertical_axis,0.0,11
8430,405.0,254.0,106.0,122.0,vertical_axis,0.0,10
5207,206.50000073760748,73.50000185519457,101.0000014752149,146.99999929964548,vertical_axis,0.0,16
4627,232.0,214.0,200.0,100.0,vertical_axis,0.0,4
5212,486.99999655783176,77.0000018030405,101.00000147521496,153.9999991953373,vertical_axis,0.0,3
