,centerX,centerY,width_box,height_box,axis,rotation,num_labels
15068,373.7079512868636,237.0847290048045,155.0,146.0,vertical_axis,13.649619279297523,25
29631,396.4363801305676,78.90697523412854,161.0000005811453,62.000000566244125,vertical_axis,24.087885934185323,4
2014,233.0,280.0,158.0,63.0,horizontal_axis,34.53466157139935,3
20593,222.5,152.5,78.0,47.0,vertical_axis,0.0,6
23738,156.00000298023218,88.50000320374954,138.00000184774393,118.99999943375592,horizontal_axis,6.298531652024906,13
15996,130.50000187009562,86.00000163912762,57.00000213086605,76.00000035762781,vertical_axis,0.0,4
30521,164.5,117.0,202.0,173.0,vertical_axis,0.0,3
20594,393.54793103234806,80.54560062149432,158.0,61.0,horizontal_axis,22.423508271628435,3
20592,153.442993001407,88.19689056315639,107.0,96.0,vertical_axis,49.00086593729505,3
