,centerX,centerY,width_box,height_box,axis,rotation,num_labels
15118,195.00000090897083,125.00000125169748,110.0000013411044,90.00000014901161,vertical_axis,0.0,40
29754,35.50000164285302,16.500001434236708,73.00000094622371,53.00000035017726,vertical_axis,0.0,3
7800,428.9999974220991,368.4999976232648,155.00000067055225,98.00000002980238,horizontal_axis,0.0,5
29755,421.9999987632036,122.00000064820053,73.00000094622371,93.00000005215404,vertical_axis,0.0,6
27030,432.0,365.0,158.0,100.0,vertical_axis,0.0,7
24431,312.0,226.5,160.0,79.0,horizontal_axis,-9.28721821701589,4
