,centerX,centerY,width_box,height_box,axis,rotation,num_labels
11470,208.0,335.0,262.0,112.0,vertical_axis,0.0,31
2281,286.0000009020368,196.0,37.99999512900206,84.99999954898163,vertical_axis,0.0,16
2968,487.291734930089,185.1957813198208,59.0,33.0,vertical_axis,-10.560433065910855,4
16150,162.00000140070915,242.499999307096,28.00000256299967,50.00000074505806,vertical_axis,0.0,4
22697,205.0,346.0,73.0,90.0,vertical_axis,0.0,10
16152,438.9999972730875,340.9999978393316,28.00000256299967,50.00000074505806,vertical_axis,0.0,6
