,centerX,centerY,width_box,height_box,axis,rotation,num_labels
23909,92.0,158.5,100.0,136.0,vertical_axis,0.0,65
16379,375.5,224.0,59.0,80.0,vertical_axis,0.0,77
15648,79.48562239403748,295.35559475663723,161.0,12.0,horizontal_axis,1.7729176281453505,3
382,254.0,296.0,133.0,11.0,horizontal_axis,0.0,3
