,centerX,centerY,width_box,height_box,axis,rotation,num_labels
8803,402.4759758364921,146.06042892220518,168.0,273.0,vertical_axis,6.124418965022755,25
17030,161.0,283.5,164.0,167.0,vertical_axis,0.0,26
4200,322.9351028476839,295.747088225853,130.0,149.0,vertical_axis,4.100439568373929,7
351,450.47374055413707,302.98979389649173,115.0,142.0,vertical_axis,-2.4683392937472206,4
18018,31.0,299.5,76.0,137.0,vertical_axis,0.0,5
22129,83.50000257045025,117.00000102818012,133.00000099837777,227.99999809265145,vertical_axis,0.0,30
354,174.0,167.0,55.0,50.0,vertical_axis,0.0,46
14009,384.9999961555004,283.9999970793725,244.99999865889555,165.99999803304678,vertical_axis,0.0,6
32451,388.0,289.0,38.0,36.0,vertical_axis,0.0,3
