,centerX,centerY,width_box,height_box,axis,rotation,num_labels
18793,291.40158090841146,239.12476936774016,146.0,410.0,vertical_axis,0.2677353387022094,24
24282,148.0,243.0,138.0,426.0,vertical_axis,0.0,10
4360,287.999998614192,241.00000022351745,132.00000101327896,411.9999953508378,horizontal_axis,0.0,7
807,55.00000208616251,139.50000173598528,41.00000236928457,254.99999769032007,horizontal_axis,0.0,3
12752,148.0,155.0,104.0,168.0,horizontal_axis,0.0,4
31417,220.0,237.0,280.0,462.0,vertical_axis,0.0,5
16861,100.0,418.0,200.0,146.0,vertical_axis,0.0,3
