,centerX,centerY,width_box,height_box,axis,rotation,num_labels
16683,469.0,168.0,81.0,116.0,vertical_axis,0.0,26
218,341.4999987259507,111.00000074505806,128.0000010728836,227.99999809265145,vertical_axis,0.0,16
32375,228.500000409782,102.00000087916852,89.00000165402884,200.99999849498272,vertical_axis,0.0,7
2261,46.49999370077734,176.0000004510183,91.999996752668,153.00000159359809,vertical_axis,0.0,3
16682,297.0,146.0,47.0,92.0,vertical_axis,0.0,24
