,centerX,centerY,width_box,height_box,axis,rotation,num_labels
6028,169.00000129640102,147.00000071525574,211.9999998211861,237.9999979436398,horizontal_axis,0.0,4
32759,168.0,144.5,212.0,243.0,vertical_axis,0.0,28
21908,167.00000132620335,337.49999787658453,263.9999990463257,73.00000040233135,horizontal_axis,0.0,12
4100,427.99999487400055,103.00000274181356,112.00000262260428,94.000000178814,horizontal_axis,0.0,3
23691,164.00000479817362,135.00000312924368,200.0,100.0,vertical_axis,0.0,3
