,centerX,centerY,width_box,height_box,axis,rotation,num_labels
20970,129.5,216.5,96.0,233.0,vertical_axis,0.0,18
28756,226.0,143.5,94.0,261.0,vertical_axis,0.0,25
28970,244.9999987781049,445.99999433755886,44.00000464916224,100.0,vertical_axis,0.0,8
25831,233.0,207.0,80.0,100.0,horizontal_axis,0.0,3
27427,150.0,425.0,32.0,54.0,horizontal_axis,0.0,3
29790,113.00000271201122,445.999994337559,200.0,129.99999910593033,vertical_axis,0.0,3
