,centerX,centerY,width_box,height_box,axis,rotation,num_labels
6472,332.5,236.5,83.0,117.0,vertical_axis,0.0,28
4206,148.4981544140706,219.4039556172404,142.0,430.0,vertical_axis,-2.2017169322676864,12
25245,226.5,336.5,77.0,175.0,vertical_axis,0.0,8
5642,334.5,305.0,88.0,119.0,horizontal_axis,0.0,4
