,centerX,centerY,width_box,height_box,axis,rotation,num_labels
272,256.39755174178526,349.6096227137921,441.9999927878382,196.9999971091749,horizontal_axis,31.88727808939761,4
20627,248.0,175.5,127.0,129.0,vertical_axis,0.6732943623840981,15
20626,88.5,169.0,79.0,100.0,vertical_axis,0.0,12
1699,57.0,362.5,71.0,109.0,vertical_axis,0.0,17
