,centerX,centerY,width_box,height_box,axis,rotation,num_labels
9678,241.0,255.0,470.0,508.0,vertical_axis,0.0,19
18160,246.99999989569187,339.99999874830246,299.99999850988394,122.99999965727336,horizontal_axis,0.0,6
23194,253.0,220.0,282.0,128.0,vertical_axis,0.0,16
30060,240.0,338.0,405.0,124.0,vertical_axis,0.0,8
32821,239.5000000149012,203.0000015795231,478.9999916851523,401.99999099969887,vertical_axis,0.0,3
