,centerX,centerY,width_box,height_box,axis,rotation,num_labels
812,193.0000009387732,306.4999985024333,228.99999956786635,129.99999955296522,vertical_axis,0.0,35
34667,37.45017286829616,367.5001909830406,69.0,87.0,vertical_axis,0.4877023606291573,22
1043,409.9999977052212,351.49999783188105,203.99999994039536,98.00000002980228,vertical_axis,0.0,13
814,288.9999995082617,130.0000011324882,111.00000132620336,181.99999877810484,vertical_axis,0.0,4
25901,142.5000016912818,118.5000013038516,151.0000007301569,230.999998047948,vertical_axis,0.0,5
10886,193.0000009387732,318.9999983161688,56.00000214576716,32.00000101327896,vertical_axis,0.0,5
25903,404.999997779727,114.00000137090684,65.0000020116567,203.9999984502793,vertical_axis,0.0,3
20749,407.5,351.0,211.0,103.0,horizontal_axis,0.0,3
25250,37.0,361.5,65.0,97.0,horizontal_axis,0.0,3
