,centerX,centerY,width_box,height_box,axis,rotation,num_labels
18701,364.0,81.0,75.0,80.0,vertical_axis,-4.042895658830275,16
2997,195.0,188.0,108.0,100.0,vertical_axis,0.0,12
33131,188.0,285.5,94.0,79.0,vertical_axis,0.0,12
27223,362.5,172.5,87.0,275.0,vertical_axis,0.0,10
5845,473.0,286.5,54.0,93.0,vertical_axis,0.0,13
18032,134.0,41.0,74.0,78.0,vertical_axis,0.0,15
10187,190.00000098347664,232.49999920278788,96.00000154972072,182.9999987632036,vertical_axis,0.0,4
12777,271.0,303.0,195.0,84.0,vertical_axis,0.0,5
