,centerX,centerY,width_box,height_box,axis,rotation,num_labels
25401,384.5,270.0,147.0,134.0,vertical_axis,0.0,15
197,195.00000090897083,229.49999985843905,215.99999976158145,120.9999996870756,vertical_axis,4.273174816251682,16
1574,243.4204197804143,46.83707692316648,58.0,44.0,vertical_axis,-53.16575193678281,4
22678,382.5,273.0,139.0,124.0,horizontal_axis,0.0,4
20138,380.5,189.5,233.0,313.0,vertical_axis,0.0,9
8054,194.0,226.0,200.0,100.0,horizontal_axis,0.0,4
