,centerX,centerY,width_box,height_box,axis,rotation,num_labels
28275,129.0,248.0,85.0,211.0,horizontal_axis,0.0,7
16291,148.9685004921434,425.16900494006586,70.0,149.0,vertical_axis,64.72665695632155,8
20556,128.5,248.5,85.0,215.0,vertical_axis,0.0,26
23846,73.48059004718408,351.49782937778053,73.00000378489489,199.99999701976785,vertical_axis,-24.288805175701185,6
19356,128.0,248.5,200.0,217.0,vertical_axis,2.2529136055248102,6
