,centerX,centerY,width_box,height_box,axis,rotation,num_labels
22553,289.5,238.0,155.0,100.0,horizontal_axis,-12.834099139114612,22
4010,127.5000019147992,62.00000169873226,147.00000078976154,76.00000035762781,vertical_axis,0.0,4
34573,275.0,214.5,174.0,119.0,vertical_axis,-9.45116793571104,6
15596,124.0,173.0,140.0,105.0,vertical_axis,0.0,3
