,centerX,centerY,width_box,height_box,axis,rotation,num_labels
23027,391.4569807233464,103.43152292355512,196.0,175.0,vertical_axis,6.643334526973348,24
32997,383.99999618530273,132.0000008940696,200.0,100.0,vertical_axis,7.559056041280826,9
15071,280.0,173.0,133.0,137.0,vertical_axis,-3.30463986623063,4
