,centerX,centerY,width_box,height_box,axis,rotation,num_labels
33952,257.50000002113256,265.50000013383954,345.00000204281383,439.0000047759579,vertical_axis,0.0,25
817,256.0,256.0,200.0,100.0,vertical_axis,0.0,5
34092,254.5000000223517,257.49999997764826,346.99999780952936,422.99999518692505,horizontal_axis,0.0,20
16883,256.0,267.5,200.0,327.0,vertical_axis,0.0,4
