,centerX,centerY,width_box,height_box,axis,rotation,num_labels
17022,262.5699970911714,242.5827573310612,55.0,73.0,vertical_axis,-26.28433660763392,5
34444,221.0,158.0,116.0,110.0,horizontal_axis,0.0,7
13471,223.5,158.0,123.0,100.0,vertical_axis,0.0,16
33698,93.5,260.5,96.0,68.0,vertical_axis,0.0,20
34448,244.5,38.0,153.0,66.0,vertical_axis,0.0,3
33697,331.0,184.5,67.0,65.0,vertical_axis,0.0,7
8780,332.5,184.0,64.0,59.0,horizontal_axis,0.0,4
