,centerX,centerY,width_box,height_box,axis,rotation,num_labels
28515,259.0,221.0,328.0,168.0,vertical_axis,0.0,26
18444,257.0,170.5,236.0,69.0,horizontal_axis,0.0,12
24682,258.0,254.0,327.0,83.0,horizontal_axis,0.0,3
13627,256.5,256.0,505.0,508.0,vertical_axis,0.0,13
33273,258.99999995529663,174.00000122189522,234.99999947845936,74.00000038743019,vertical_axis,0.0,6
