,centerX,centerY,width_box,height_box,axis,rotation,num_labels
18650,258.5,252.5,507.0,495.0,horizontal_axis,0.0,16
20623,258.0,254.5,504.0,495.0,vertical_axis,0.0,16
9808,267.99999982118607,257.9999999701977,511.99999535083776,510.99999387562286,vertical_axis,-45.58098394998177,4
4122,269.9999995827675,252.50000010430813,251.9999984502792,257.9999952912333,vertical_axis,0.0,6
16028,271.99999916553503,249.00000036507845,176.00000125169743,282.9999904558067,horizontal_axis,0.0,6
