,centerX,centerY,width_box,height_box,axis,rotation,num_labels
10566,254.5000000223517,282.4999996051192,504.9999954551459,93.00000010430811,horizontal_axis,0.0,5
8670,255.44537792209468,252.5082391826412,232.99999901652336,93.00000020861626,vertical_axis,-0.8952113343077599,11
3071,253.5,381.5,505.0,249.0,vertical_axis,0.0,12
5134,256.0,290.0,498.0,58.0,vertical_axis,0.0,4
3964,419.5,243.0,29.0,26.0,vertical_axis,0.0,3
19329,256.0,254.5,512.0,507.0,vertical_axis,0.0,8
21468,249.5000001937151,329.4999978095294,262.99999812245375,288.9999943673613,vertical_axis,0.0,4
