,centerX,centerY,width_box,height_box,axis,rotation,num_labels
14636,428.5,160.0,86.0,207.0,vertical_axis,0.0,21
14366,273.0,169.5,78.0,217.0,vertical_axis,0.0,33
28860,197.01959283446865,143.50007677701143,83.0,59.0,horizontal_axis,0.449039286296923,4
15908,95.0,49.5,78.0,84.0,vertical_axis,0.0,5
18755,269.9999997913838,162.0000001192093,200.0,100.0,horizontal_axis,89.33572573012275,3
6513,91.0,112.5,94.0,222.0,vertical_axis,0.0,9
20187,193.0000009387732,143.00000040233135,97.00000153481956,62.00000056624407,vertical_axis,0.0,6
17980,429.0,176.0,86.0,226.0,horizontal_axis,0.0,3
