,centerX,centerY,width_box,height_box,axis,rotation,num_labels
16203,290.0,201.0,148.0,106.0,vertical_axis,-1.1457628381751164,73
34172,437.4463201438314,213.84188319746875,30.000002533197403,198.9999985247851,vertical_axis,-1.663875444062441,4
34171,125.00000195205212,212.99999935925007,38.00000241398811,174.99999888241297,vertical_axis,-1.0248511102872726e-05,4
20200,290.49999948591,204.49999948591,111.00000132620336,89.00000016391277,horizontal_axis,0.0,4
33385,291.0,61.0,39.0,76.0,horizontal_axis,0.0,3
9882,296.5,207.0,217.0,142.0,horizontal_axis,0.0,4
20203,256.78814300318595,296.18250367070345,179.0000003129244,81.00000028312206,horizontal_axis,0.2290997131695604,4
27477,289.0,130.5,200.0,257.0,vertical_axis,0.0,3
