,centerX,centerY,width_box,height_box,axis,rotation,num_labels
29971,256.9939938188686,177.9247676366454,362.0,504.0,vertical_axis,89.6683476269583,17
20847,256.0,173.5,200.0,137.0,vertical_axis,0.0,5
27608,245.0000001639128,177.00000022351742,485.999995738268,135.99999946355825,horizontal_axis,0.0,19
12899,259.0,174.0,200.0,100.0,horizontal_axis,0.0,4
