,centerX,centerY,width_box,height_box,axis,rotation,num_labels
496,378.0,324.0,20.0,100.0,vertical_axis,0.0,4
15187,366.4681336727597,198.50088154393143,200.0,363.9999960660936,vertical_axis,-4.98413019320364,16
