,centerX,centerY,width_box,height_box,axis,rotation,num_labels
30293,334.5,259.0,87.0,95.0,vertical_axis,0.0,17
16578,335.4999988153577,259.4999989941716,77.00000183284283,73.0000004023313,horizontal_axis,0.0,5
8971,337.0,181.0,200.0,100.0,horizontal_axis,269.709047370609,31
20670,249.5,188.0,40.0,89.0,vertical_axis,0.0,10
22748,157.00000147521496,141.00000075995922,56.00000214576716,150.99999924004084,vertical_axis,0.0,3
11609,339.0,332.5,169.0,71.0,vertical_axis,-7.184267392426875,9
30292,155.5,197.0,40.0,33.0,vertical_axis,0.0,4
