,centerX,centerY,width_box,height_box,axis,rotation,num_labels
5026,194.0347825561668,217.64853932692387,66.0,46.0,horizontal_axis,20.325015102688,5
33677,129.9375116726103,257.98416781116737,47.0,80.0,vertical_axis,3.2245226065198977,22
1356,195.00000129275844,211.999999109904,40.00000339084173,75.00000052981903,vertical_axis,-68.38017459478814,13
1357,297.69666685044047,61.837918882922,178.00000046624066,126.99999942779549,vertical_axis,24.767830948328267,10
14268,132.115311819032,255.8817050048856,59.00000420212734,92.00000023841858,horizontal_axis,4.991009114132254,3
4802,325.9420131873758,41.49428159372332,63.0,51.0,horizontal_axis,-50.32433307639954,3
28652,165.0,224.0,200.0,164.0,vertical_axis,0.0,13
