,centerX,centerY,width_box,height_box,axis,rotation,num_labels
6502,204.0384490059565,175.96313267930685,132.0,100.0,vertical_axis,2.384744005994463,35
9959,224.0,204.5,186.0,169.0,vertical_axis,0.5400325922894638,12
23760,233.0,181.0,200.0,100.0,horizontal_axis,0.0,5
14596,433.5,170.0,149.0,100.0,vertical_axis,0.0,4
