,centerX,centerY,width_box,height_box,axis,rotation,num_labels
4757,347.0,165.0,160.0,128.0,vertical_axis,-2.3305188679789524,39
2611,343.4999986961484,172.99999995529652,101.00000147521496,127.99999958276754,horizontal_axis,0.0,5
13367,341.9999974370003,164.00000017881388,200.0,100.0,horizontal_axis,79.89495600769985,4
