,centerX,centerY,width_box,height_box,axis,rotation,num_labels
23981,78.50000166147947,269.4999997988343,127.00000108778475,470.9999944716693,vertical_axis,0.0,25
29336,81.5,177.0,109.0,268.0,vertical_axis,0.0,13
28842,208.5,374.5,78.0,215.0,vertical_axis,0.0,20
13111,334.3362296459037,253.0364403452378,55.99999630614661,183.00000212909583,vertical_axis,-3.918797349166468,10
5066,259.8956199846252,304.5582403407452,29.0,109.0,vertical_axis,-6.03748243838227,3
