,centerX,centerY,width_box,height_box,axis,rotation,num_labels
11600,174.0,74.0,38.0,49.0,vertical_axis,0.0,82
934,276.0,310.0,106.0,90.0,vertical_axis,0.0,20
25781,275.99999940395355,312.9999963939191,98.00000303983684,88.00000035762787,horizontal_axis,0.0,6
25130,363.0,21.0,28.0,35.0,vertical_axis,16.1229719526046,7
30104,254.5,72.5,89.0,71.0,horizontal_axis,0.0,4
32105,38.0,141.0,77.0,43.0,horizontal_axis,0.0,3
