,centerX,centerY,width_box,height_box,axis,rotation,num_labels
34645,149.00247679666347,73.92966182540576,102.0,100.0,vertical_axis,4.033411072770193,31
7010,256.0,405.0,200.0,194.0,vertical_axis,0.0,13
33217,347.9999986290932,203.0000007897615,200.0,100.0,vertical_axis,0.0,3
34123,156.0,80.5,104.0,95.0,horizontal_axis,0.0,5
24074,338.2928312271173,351.5812534795883,44.000002324581146,268.9999974817038,vertical_axis,2.553754327358078,11
25018,181.0,420.5,41.0,177.0,vertical_axis,0.0,4
33218,353.9999985396862,194.000000923872,200.0,100.0,horizontal_axis,0.0,3
