,centerX,centerY,width_box,height_box,axis,rotation,num_labels
953,357.0,314.5,110.0,135.0,vertical_axis,0.0,15
22573,63.97921171501753,251.07374668009072,159.00000122189522,267.99999499320995,vertical_axis,-2.385952471003592,12
28793,257.49999998882413,342.9999988749624,47.00000113993883,74.0000001937151,vertical_axis,0.0,8
13352,67.00000563263876,266.9999977648259,200.0,100.0,horizontal_axis,90.575806298726,3
32284,266.0000002235174,194.50000005587933,200.0,113.00000029057264,vertical_axis,0.0,3
