,centerX,centerY,width_box,height_box,axis,rotation,num_labels
23549,289.70866580442805,191.2530687043692,200.0,53.0,horizontal_axis,21.65103759446625,18
14508,285.5,111.0,144.0,60.0,horizontal_axis,35.638248494233686,18
24929,167.56356670226631,148.4837038063344,75.0,39.0,horizontal_axis,42.06512226160722,11
4953,294.2957371063497,188.59791085739937,194.00000008940697,57.00000064074993,vertical_axis,19.916398957806905,3
13561,292.49999955136235,116.0000006760294,39.000001978922455,100.0,vertical_axis,-53.96995086719329,4
17079,294.5778025195189,117.69144518929625,200.0,182.0,vertical_axis,-55.04753296932196,3
24930,205.6903914346808,220.957493207109,117.0,39.0,horizontal_axis,36.39606604185478,3
