,centerX,centerY,width_box,height_box,axis,rotation,num_labels
24500,138.0,239.5,200.0,403.0,vertical_axis,0.0,6
14073,139.58761335411202,255.7469615362558,64.00000288221543,386.99999391767767,vertical_axis,0.5216652689925354,4
30468,137.99999926531734,341.0000019515005,79.9999972449404,178.0000017907887,vertical_axis,0.0,22
18358,139.0,188.0,45.0,137.0,vertical_axis,0.0,8
21823,223.5247211277909,411.5059304535067,192.0,82.0,horizontal_axis,260.7075423219552,6
26657,221.0,392.0,200.0,100.0,horizontal_axis,77.24347144195028,3
8564,139.0,102.0,187.0,118.0,vertical_axis,0.0,6
9463,219.10095474266848,392.9819213492764,207.99999976158145,237.9999958872796,vertical_axis,-10.83469391529573,3
