,centerX,centerY,width_box,height_box,axis,rotation,num_labels
18610,307.4999992325902,192.0,101.00000147521496,100.0,vertical_axis,0.0,51
17110,263.5,314.0,232.0,100.0,vertical_axis,0.0,13
26329,288.0,65.0,271.0,124.0,vertical_axis,0.0,23
4638,474.316994635892,225.248556988406,99.0,186.0,vertical_axis,0.1174909993375905,11
17427,83.5,181.5,150.0,178.0,vertical_axis,0.0,8
1328,141.0000024371675,232.9999991310968,26.00000368754036,39.00000129275844,vertical_axis,-2.273173365094422,4
11162,306.0,188.0,100.0,74.0,horizontal_axis,0.0,3
17426,253.5,247.0,321.0,69.0,horizontal_axis,0.0,4
