,centerX,centerY,width_box,height_box,axis,rotation,num_labels
29008,190.0856071188806,149.55863618582868,152.0,172.0,vertical_axis,-5.610882494167882,11
4736,203.5,271.5,157.0,427.0,vertical_axis,-4.010050877772073,33
1085,31.320734121814496,240.5401936776704,143.0,369.0,vertical_axis,12.55695596506088,5
10650,187.0,159.0,200.0,100.0,horizontal_axis,81.91736721204416,3
31627,335.9736841330606,159.97551230806977,21.0,92.0,vertical_axis,90.02109002003145,3
25292,287.5831854598854,115.49567503207372,84.00000518560387,113.99999937415129,vertical_axis,-9.552123735998537,3
31626,217.6642641330544,368.6012867816904,21.0,237.0,vertical_axis,-6.316188488196829,3
