,centerX,centerY,width_box,height_box,axis,rotation,num_labels
31015,439.5,107.0,145.0,100.0,vertical_axis,0.0,36
23571,293.0,348.5,143.0,67.0,vertical_axis,0.0,18
22234,228.5,141.5,81.0,119.0,vertical_axis,0.0,20
21084,215.5,265.5,52.0,52.0,vertical_axis,0.0,6
8950,442.50213187960514,99.30191706848348,139.0,100.0,horizontal_axis,-0.4572700218095349,4
14274,229.5000007897616,132.50000177323818,79.00000360608107,110.99999967217452,horizontal_axis,0.0,5
7750,234.0,188.5,202.0,115.0,vertical_axis,0.0,4
7114,409.0,242.0,49.0,44.0,vertical_axis,0.0,3
