,centerX,centerY,width_box,height_box,axis,rotation,num_labels
21318,271.5,178.5,145.0,83.0,vertical_axis,0.0,41
24047,256.99999998509884,262.999998614192,509.99999538064014,78.00000032782555,horizontal_axis,0.0,9
3086,122.0000019967556,84.0000012814998,121.00000117719168,162.99999906122684,vertical_axis,0.0,24
5040,349.0,85.5,120.0,155.0,vertical_axis,0.0,9
6822,270.4999995678663,184.49999956786635,135.00000193715096,81.00000056624407,horizontal_axis,0.0,6
31038,250.42001700324224,266.2804582591288,508.9999907910826,87.00000038743019,vertical_axis,0.717131847201145,7
