,centerX,centerY,width_box,height_box,axis,rotation,num_labels
705,254.5,210.0,503.0,336.0,vertical_axis,0.0,7
11420,267.49999982863665,239.9999992698431,284.99999873340136,181.99999877810484,vertical_axis,0.0,39
10556,265.9999998509884,223.49999951571223,305.99999842047697,150.99999924004078,horizontal_axis,0.0,6
