,centerX,centerY,width_box,height_box,axis,rotation,num_labels
31807,165.0,219.0,118.0,176.0,vertical_axis,0.0,26
5061,354.0,153.5,77.0,73.0,vertical_axis,0.0,6
4025,166.00000268220896,181.99999964237213,200.0,100.0,vertical_axis,0.0,3
20027,468.5,207.0,77.0,190.0,vertical_axis,0.0,5
7524,256.0,220.0,200.0,220.0,vertical_axis,0.0,4
28342,273.4999997392297,207.99999943375587,316.9999982565642,183.9999987483025,vertical_axis,0.0,5
18732,360.9999984353781,204.99999947845936,105.00000141561031,205.99999842047697,vertical_axis,0.0,5
