,centerX,centerY,width_box,height_box,axis,rotation,num_labels
29491,234.62686786032785,156.4620462969384,124.0,167.0,vertical_axis,37.899951108799385,34
28899,368.2773592399552,248.1388738165732,147.0,198.0,vertical_axis,32.92058042048353,29
13884,55.0,352.0,62.0,55.0,vertical_axis,45.98211716322419,16
26947,93.87805159919463,87.47857804068337,89.00000330805767,127.99999916553504,vertical_axis,33.214730789322566,46
19092,74.11169658565876,250.5932886775817,34.0,37.0,vertical_axis,33.32602786449308,19
