,centerX,centerY,width_box,height_box,axis,rotation,num_labels
11702,302.0,136.5,166.0,151.0,vertical_axis,0.0,44
403,62.0,117.0,108.0,49.0,vertical_axis,0.0,13
14090,354.499997912513,26.50000304116122,248.99999896155475,55.00000095367423,vertical_axis,0.0,6
20091,258.0,26.5,61.0,49.0,vertical_axis,0.0,3
10734,255.91199001978708,26.043976470014968,503.0,67.0,vertical_axis,-1.7143587209541522,3
15899,252.8207725956829,241.73316094672745,56.0,344.0,vertical_axis,-53.35586909344448,3
