,centerX,centerY,width_box,height_box,axis,rotation,num_labels
433,247.41173461689027,185.07709438051057,122.0,115.0,vertical_axis,-54.69199152094584,4
16198,422.8810420249014,180.71498612787985,186.0,151.0,horizontal_axis,-11.56449834279853,22
14626,87.11558971512119,299.2985931202862,179.0,167.0,horizontal_axis,-32.42166206225794,8
824,143.0,126.0,200.0,100.0,horizontal_axis,30.16551923478652,4
6366,249.5,185.5,111.0,109.0,horizontal_axis,0.0,17
18869,250.0,185.0,86.0,86.0,vertical_axis,0.0,4
9752,249.9999999154698,177.00000011270697,200.0,100.0,vertical_axis,0.0,4
23639,251.0000001059638,174.99999987284343,517.9999932607021,337.99999495612303,vertical_axis,0.0,4
