,centerX,centerY,width_box,height_box,axis,rotation,num_labels
24524,262.99999994784594,92.50000074133276,200.0,172.99999945610764,vertical_axis,0.0,35
10757,265.0,275.0,236.0,144.0,horizontal_axis,1.2788004794742136,15
16951,266.9999998360872,185.50000009685755,221.99999967217445,360.999996110797,vertical_axis,0.0,4
13576,264.99999988937697,278.49999893679,249.99999938542788,160.99999925022195,vertical_axis,0.0,7
6541,86.44436898682989,180.52200037867595,18.0,103.0,vertical_axis,44.55757171566423,4
7689,42.46063683841305,135.1957106004058,74.00000093877321,94.00000004470346,horizontal_axis,-10.547794904921858,3
