,centerX,centerY,width_box,height_box,axis,rotation,num_labels
5545,165.0,58.5,296.0,118.0,horizontal_axis,0.0,3
3712,199.5,187.5,105.0,101.0,horizontal_axis,0.0,5
6112,386.4999961107972,154.00000113248825,103.0000028908252,127.99999916553496,vertical_axis,0.0,17
21442,198.5,188.5,105.0,109.0,vertical_axis,0.0,22
19737,163.0002885581623,58.45839151879551,282.0,113.0,vertical_axis,0.7946889344836308,13
21443,407.0,154.0,145.0,123.0,horizontal_axis,0.0,5
30720,91.0000024586916,59.00000198185438,144.00000083446503,113.99999979138374,vertical_axis,0.0,4
21444,238.5354919273292,60.02993591206376,146.0,117.0,vertical_axis,0.6812368029286233,4
