,centerX,centerY,width_box,height_box,axis,rotation,num_labels
22714,310.99999918043613,187.0000000745058,311.99999833106995,189.9999986588955,vertical_axis,0.0,34
31283,256.0,75.0,509.0,149.0,vertical_axis,0.0,9
5380,306.0,151.0,200.0,100.0,vertical_axis,0.0,3
34161,248.0000001192093,47.00000216066837,209.9999998509884,100.0,vertical_axis,0.0,15
12968,281.5,279.0,85.0,74.0,vertical_axis,0.0,12
