,centerX,centerY,width_box,height_box,axis,rotation,num_labels
1956,254.5000000223517,195.499999947846,177.0000003427267,164.99999903142458,vertical_axis,0.0,33
32089,255.5,199.5,171.0,155.0,horizontal_axis,0.0,23
