,centerX,centerY,width_box,height_box,axis,rotation,num_labels
26305,157.0,149.5,206.0,171.0,vertical_axis,0.0,3
25650,174.35623693052497,166.31407474523797,259.9999982118607,100.0,horizontal_axis,24.23430976018281,9
24073,185.3718773686515,167.57862816684116,274.99999888241297,155.99999916553503,horizontal_axis,24.9707241868539,16
19313,158.5,143.5,217.0,163.0,horizontal_axis,0.0,3
34627,176.90210551469073,162.01024460397758,200.0,254.0,vertical_axis,-64.8396144711399,5
