,centerX,centerY,width_box,height_box,axis,rotation,num_labels
31351,369.93320389628366,99.3209054183717,114.0,56.0,vertical_axis,-66.48368034102421,13
715,305.0,80.0,200.0,100.0,vertical_axis,0.0,3
28853,370.8682133805039,95.4049571376952,65.0,91.0,horizontal_axis,17.110286034265656,9
27514,301.5123394815213,54.06036415306454,63.0,66.0,horizontal_axis,-14.112716228847844,12
32499,374.9999982267618,100.00000104308128,200.0,100.0,horizontal_axis,23.600173103525933,3
24717,303.1349732181522,58.49184058328928,51.00000444054598,66.0000010132789,vertical_axis,253.98180281414704,3
