,centerX,centerY,width_box,height_box,axis,rotation,num_labels
11421,398.999997869134,95.00000111758708,118.00000122189516,100.0,vertical_axis,0.0,29
24790,274.5,170.0,401.0,100.0,vertical_axis,0.0,3
27182,257.5,170.0,495.0,100.0,horizontal_axis,0.0,3
30326,95.0,164.0,56.0,48.0,vertical_axis,0.0,3
