,centerX,centerY,width_box,height_box,axis,rotation,num_labels
14623,143.0,286.0,282.0,308.0,vertical_axis,-24.76298079168532,24
679,172.96325941570797,300.51487457229183,19.0,49.0,vertical_axis,58.03839950123151,4
6497,146.76396748186846,286.07457632782297,313.0,301.0,horizontal_axis,-18.82117092083294,10
7002,150.49420290501934,282.35867829565825,280.0,273.0,horizontal_axis,67.93734427805656,3
24812,189.84235628188048,332.19556974752027,278.0,124.0,vertical_axis,-17.462912473221323,5
