,centerX,centerY,width_box,height_box,axis,rotation,num_labels
8548,270.5,169.0,407.0,230.0,vertical_axis,0.0,26
4665,173.0,103.0,200.0,100.0,vertical_axis,0.0,8
15743,381.9999962449075,109.00000184774392,200.0,100.0,vertical_axis,1.9367888935357345,13
31513,136.5,234.0,141.0,100.0,vertical_axis,0.0,16
6881,350.9999971687795,229.4999982565642,146.00000160932535,87.00000038743019,vertical_axis,0.0,16
29382,243.0,237.0,350.0,76.0,vertical_axis,0.0,4
9944,260.16908883525537,212.5012996692431,507.0,228.0,horizontal_axis,0.8807689268503651,3
23332,249.0,216.0,200.0,100.0,vertical_axis,0.0,4
