,centerX,centerY,width_box,height_box,axis,rotation,num_labels
1339,106.90674184674134,186.6331576603808,144.0000011867946,100.0,horizontal_axis,33.143430780343806,12
24089,389.5,180.0,233.0,84.0,horizontal_axis,0.0,15
18234,250.5,93.0,485.0,100.0,horizontal_axis,0.0,3
26287,251.0000001059637,112.00000125037286,493.9999937693282,100.0,vertical_axis,0.0,19
27178,255.5,170.0,511.0,342.0,vertical_axis,0.0,4
31875,101.45202631337486,186.2161537928741,119.000001206994,115.99999976158142,vertical_axis,-54.58294924461555,9
11661,19.0,94.0,25.0,42.0,vertical_axis,0.0,4
31060,385.9999961256982,178.49999977648258,241.99999874830257,84.00000047683716,vertical_axis,0.0,4
