,centerX,centerY,width_box,height_box,axis,rotation,num_labels
22320,153.0,152.5,200.0,165.0,horizontal_axis,-3.4925931608560603,39
5191,308.5,232.0,129.0,141.0,vertical_axis,-5.986371198678356,14
34195,467.3440499988342,205.3331352742556,63.00000204145909,98.00000002980228,vertical_axis,-8.14361449500521,5
24051,153.50000152736897,158.00000050663942,209.9999998509884,196.99999855458745,vertical_axis,0.0,3
