,centerX,centerY,width_box,height_box,axis,rotation,num_labels
11676,249.5,257.5,141.0,177.0,vertical_axis,0.0,41
23561,68.5,233.0,137.0,151.0,vertical_axis,0.0,7
19784,71.00000275671471,338.9999978095293,49.00000225007528,31.000001028180066,vertical_axis,0.0,14
33247,250.95678463578315,231.5586845308816,203.0,94.0,horizontal_axis,88.89134176269059,4
