,centerX,centerY,width_box,height_box,axis,rotation,num_labels
30585,238.5,370.0,157.0,178.0,vertical_axis,0.0,39
11160,234.0,353.0,117.0,100.0,horizontal_axis,0.0,4
22340,72.33556597236276,94.10533950934692,91.00000162422656,48.000000774860325,vertical_axis,48.86376705081597,5
3949,362.0,262.5,100.0,283.0,vertical_axis,6.644857577336637,4
10450,63.00000195205206,243.5000001862645,151.0000007301569,358.99999614059925,vertical_axis,0.0,11
29212,235.7891835296855,379.50090702871137,151.0,100.0,horizontal_axis,89.50697783416372,4
