,centerX,centerY,width_box,height_box,axis,rotation,num_labels
57,169.1636006179457,135.97948888403636,200.0,246.0,vertical_axis,-9.59162763876327,9
31697,212.11702350858627,291.8297267923574,76.0,70.0,vertical_axis,-16.05593151116281,30
1059,287.7511642382483,239.4866491128988,65.0,72.0,vertical_axis,-25.26854683121373,6
8117,169.86144262557468,148.61814106582665,103.00000144541258,241.9999978840352,vertical_axis,-8.523628926160058,14
33022,164.00000137090683,122.00000073015684,200.0,100.0,vertical_axis,-7.1446726503919535,3
7874,213.36205964793083,292.027926302324,78.0,63.0,horizontal_axis,-17.752594845626717,3
9765,215.9999994364652,298.00000178922323,200.0,100.0,vertical_axis,-24.961049817996297,3
31982,279.0,232.0,71.0,61.0,horizontal_axis,-21.074526937854188,3
