,centerX,centerY,width_box,height_box,axis,rotation,num_labels
14076,379.9999973720977,164.00000012715657,200.0,100.0,vertical_axis,-6.539427091692176,35
3664,190.0,173.0,346.0,133.0,vertical_axis,0.0,5
11320,167.50000131875277,170.99999998509884,93.00000159442423,341.99999639391905,vertical_axis,-2.182477453382859,16
