,centerX,centerY,width_box,height_box,axis,rotation,num_labels
32625,197.1424680041549,170.26542429181063,356.0,89.0,vertical_axis,-21.0875536436138,5
16586,193.00229591624395,165.68801614826896,362.9999975711108,85.00000022351742,horizontal_axis,-21.0654205273426,29
15343,216.0,165.0,200.0,100.0,horizontal_axis,-22.293629159694103,4
16806,202.00000080466265,208.9999994188547,348.99999777972704,215.99999827146536,horizontal_axis,0.0,6
24747,193.8422913617768,155.47513482971726,99.00000301003442,25.00000223517418,horizontal_axis,-22.49155349411332,3
