,centerX,centerY,width_box,height_box,axis,rotation,num_labels
84,185.1680051712892,271.6985137608292,79.00000180304045,62.00000056624407,vertical_axis,2.0510062459168807,4
5745,195.99999994039536,200.00000083446503,86.00000169873232,100.0,vertical_axis,0.0,22
30591,186.5,289.0,141.0,444.0,vertical_axis,2.0318141093147943,18
29232,184.8712452324309,222.5723334392249,151.0,75.0,horizontal_axis,88.52749929856616,3
