,centerX,centerY,width_box,height_box,axis,rotation,num_labels
22730,238.0000002682209,165.50000039488071,100.000001490116,178.9999988228083,vertical_axis,0.0,41
26980,117.0000041425227,213.9999993443489,89.00000330805767,196.99999710917484,vertical_axis,0.0,17
3082,266.9999998360872,292.49999850243336,68.00000196695316,121.99999967217444,vertical_axis,0.0,5
17439,233.0,175.0,200.0,100.0,horizontal_axis,89.91442502529654,4
33686,458.0,294.0,43.0,113.0,vertical_axis,0.0,3
