,centerX,centerY,width_box,height_box,axis,rotation,num_labels
24348,405.0,175.0,110.0,328.0,vertical_axis,0.0,28
17063,405.0,174.0,200.0,334.0,vertical_axis,0.0,6
6836,405.9999955296519,63.00000318884838,68.0000039339065,72.00000083446497,vertical_axis,0.0,4
