,centerX,centerY,width_box,height_box,axis,rotation,num_labels
11637,177.68899039118207,273.47202999527616,350.0,323.0,vertical_axis,-4.6493645458000685,28
4967,175.50000024586916,275.9999997019768,344.9999978393317,317.9999967515469,horizontal_axis,0.0,10
25021,243.0,165.5,83.0,98.0,vertical_axis,0.0,3
11106,190.0,338.0,200.0,100.0,vertical_axis,0.0,4
19568,194.4999999254942,454.9999940693381,436.9999929368498,119.99999940395357,vertical_axis,0.0,3
20023,180.0,265.0,200.0,330.0,vertical_axis,0.0,3
