,centerX,centerY,width_box,height_box,axis,rotation,num_labels
26049,148.5,307.0,223.0,136.0,vertical_axis,0.0,35
10468,420.9999975413084,137.0000008046627,200.0,100.0,vertical_axis,0.0,3
836,102.0,178.0,67.0,100.0,vertical_axis,0.0,3
16082,422.4999968986958,152.0000007264316,55.00000270083535,100.0,vertical_axis,0.0,23
4946,149.00000159442425,311.9999981969595,221.99999967217445,139.99999940395355,horizontal_axis,0.0,4
