,centerX,centerY,width_box,height_box,axis,rotation,num_labels
31874,393.99999794363976,189.5000000372529,154.0000006854534,262.9999975711108,vertical_axis,0.0,33
26669,391.0,189.0,200.0,100.0,horizontal_axis,89.47494628834492,5
25120,394.9998724075617,119.01597399752468,166.0,90.0,vertical_axis,0.915281568117834,4
