,centerX,centerY,width_box,height_box,axis,rotation,num_labels
696,315.0,222.0,200.0,152.0,vertical_axis,0.0,56
28612,250.5,187.0,75.0,80.0,horizontal_axis,0.0,3
23764,315.0,221.0,200.0,100.0,horizontal_axis,0.0,5
19573,250.00000017881385,45.50000436604006,532.9999900758269,102.99999991059298,vertical_axis,0.0,3
