,centerX,centerY,width_box,height_box,axis,rotation,num_labels
11308,273.22937927940984,367.64939384195753,200.0,146.99999929964542,vertical_axis,-18.477495455859767,35
27165,192.0,193.5,74.0,95.0,vertical_axis,0.0,28
34388,48.21024684233322,361.0239467879728,57.0,167.0,vertical_axis,31.4404489442374,8
31259,317.0,237.0,94.0,92.0,vertical_axis,0.0,8
10255,190.0,196.0,200.0,97.0,vertical_axis,0.0,3
30310,69.5,71.0,53.0,32.0,vertical_axis,0.0,5
12718,275.0,348.0,200.0,100.0,horizontal_axis,64.60408815082943,3
