,centerX,centerY,width_box,height_box,axis,rotation,num_labels
30933,306.974718944646,142.84191350481956,135.00000137752943,84.00000033908424,horizontal_axis,0.7540072748816584,4
28336,307.4999992325902,140.00000077486033,139.00000090897083,88.00000017881393,vertical_axis,2.9992653261316065,38
14072,233.8320736294825,210.65550927111587,60.000002966986585,57.00000091128874,vertical_axis,7.403956544799016,7
33566,307.8843239847483,168.96885742923195,200.0,140.0,vertical_axis,3.1978363353346424,7
7218,385.0,56.0,138.0,86.0,horizontal_axis,0.0,3
21713,383.516225910921,67.8736566949309,111.0,100.0,vertical_axis,14.63654906910712,8
27502,450.0,242.0,27.0,22.0,vertical_axis,-19.776076602639208,3
