,centerX,centerY,width_box,height_box,axis,rotation,num_labels
33601,224.1869274101433,194.033737694406,200.0,439.0,vertical_axis,37.40169474113191,17
3046,97.0,340.0,46.0,100.0,vertical_axis,0.0,3
5903,241.0,378.0,98.0,100.0,vertical_axis,0.0,5
30127,286.0,108.0,200.0,100.0,vertical_axis,36.40851381001953,3
