,centerX,centerY,width_box,height_box,axis,rotation,num_labels
28183,231.5778112613703,233.32972572119803,136.0,417.0,vertical_axis,-0.8878310776652967,33
11899,229.22215545150905,270.2370582050656,124.0,135.0,vertical_axis,3.957466966072317,12
24360,54.5,392.0,82.0,161.0,vertical_axis,0.0,4
18763,230.9999994188548,113.00000213086604,200.0,179.99999880790716,vertical_axis,0.0,4
