,centerX,centerY,width_box,height_box,axis,rotation,num_labels
29716,79.87381850299892,85.70334741314096,237.0,113.0,vertical_axis,-34.0150940193527,35
13384,224.0,422.0,200.0,176.0,vertical_axis,0.0,3
10939,222.49999990314245,440.9999972432852,45.00000230967993,92.00000011920928,vertical_axis,0.0,10
5127,216.0,385.0,432.0,110.0,vertical_axis,0.0,3
