,centerX,centerY,width_box,height_box,axis,rotation,num_labels
710,255.0,94.5,512.0,189.0,vertical_axis,0.0,6
14642,329.5,252.0,71.0,18.0,horizontal_axis,-6.978539298429951,12
29051,327.64453937119265,263.46533692872794,81.0000018914539,100.0,vertical_axis,-11.266830136705622,13
11556,240.87207420777088,66.80913007261188,512.9999953359365,139.9999994039536,horizontal_axis,-4.156645215016127,6
