,centerX,centerY,width_box,height_box,axis,rotation,num_labels
14878,204.5,355.0,43.0,72.0,vertical_axis,0.0,5
20338,207.5,252.5,173.0,275.0,vertical_axis,0.0,34
2603,202.0000008046627,239.99999976158145,149.00000075995922,262.99999757111084,horizontal_axis,0.0,3
28138,91.5000024512409,235.9999998211861,79.00000180304045,275.99999737739563,vertical_axis,0.0,9
