,centerX,centerY,width_box,height_box,axis,rotation,num_labels
29484,277.4983254993884,391.6475320439733,187.0,139.0,vertical_axis,1.3005676013580398,40
30803,379.0,242.5,92.0,71.0,vertical_axis,1.1408969815594077,18
3958,231.5237354490186,151.47734133750748,73.0,59.0,vertical_axis,2.6591412948855293,19
31333,105.0,50.0,49.0,36.0,vertical_axis,0.0,11
27122,282.5,20.0,45.0,35.0,vertical_axis,0.0,3
