,centerX,centerY,width_box,height_box,axis,rotation,num_labels
22931,238.50000052154056,311.9999964237214,47.00000455975516,100.0,vertical_axis,0.0,8
18243,230.5,203.5,309.0,297.0,vertical_axis,0.0,18
8103,236.08430673561315,254.20403787561804,233.99999949336052,119.99999970197672,vertical_axis,-8.341351407516768,8
