,centerX,centerY,width_box,height_box,axis,rotation,num_labels
9867,283.0,134.5,164.0,201.0,vertical_axis,0.0,42
472,428.5,15.0,65.0,30.0,horizontal_axis,0.0,5
3622,280.0,115.5,149.0,191.0,horizontal_axis,0.0,4
6686,29.0,204.0,48.0,110.0,vertical_axis,0.0,4
10839,383.99999809265137,211.4999990388751,68.00000196695322,101.99999997019768,vertical_axis,0.0,7
10840,222.00000050663948,199.99999921023849,84.00000172853464,111.99999982118608,vertical_axis,0.0,6
28125,483.9999966025353,141.00000008940697,18.00000271201128,289.9999971687794,vertical_axis,0.0,3
