,centerX,centerY,width_box,height_box,axis,rotation,num_labels
25337,183.0000032633542,175.99999973177916,144.00000250339497,100.0,vertical_axis,0.0,45
