,centerX,centerY,width_box,height_box,axis,rotation,num_labels
32118,189.5,89.5,93.0,91.0,horizontal_axis,0.0,6
2409,193.50000000745052,253.00000004470348,382.9999972730876,509.99999389052414,vertical_axis,0.0,17
7227,192.0,317.5,372.0,370.0,vertical_axis,0.0,7
5399,192.0,228.0,200.0,100.0,vertical_axis,-2.433416218636268,3
14351,191.0,408.5,200.0,191.0,vertical_axis,0.0,5
8004,190.0,79.5,90.0,117.0,vertical_axis,0.0,12
20534,185.00000013411045,330.9999988824129,220.9999996870756,345.99999633431446,vertical_axis,0.0,6
25746,233.0,289.5,42.0,37.0,vertical_axis,0.0,5
18081,191.13027709824524,72.0047669740405,364.0,121.0,vertical_axis,0.4832901145923785,3
