,centerX,centerY,width_box,height_box,axis,rotation,num_labels
30460,411.500003570098,141.49999996556176,152.999998920935,115.0000003443825,vertical_axis,0.0,41
24751,107.00000444054588,145.4999999254942,145.00000163912773,112.9999996125698,vertical_axis,0.0,31
692,257.0,243.0,509.0,88.0,vertical_axis,0.0,9
23235,267.5,143.0,144.0,117.0,vertical_axis,0.0,18
13872,267.5,137.0,435.0,141.0,vertical_axis,0.0,6
9617,256.0,240.0,510.0,87.0,horizontal_axis,0.0,6
33796,411.99999767541885,139.50000005215406,144.00000083446497,108.99999986588956,horizontal_axis,0.0,3
