,centerX,centerY,width_box,height_box,axis,rotation,num_labels
14271,101.9927803500168,326.47817625547094,145.00000163912773,148.9999985396862,vertical_axis,18.54661593232965,33
22775,289.0,244.5,194.0,387.0,vertical_axis,0.0,36
15036,295.4999988749624,245.5000001564622,189.0000001639128,390.9999956637622,horizontal_axis,0.0,3
25164,50.0,170.0,101.0,82.0,vertical_axis,0.0,7
31264,102.70547371594569,330.0482736615802,124.0,157.0,horizontal_axis,35.17510532355163,3
23988,107.50000167638063,326.49999894946814,141.0000008791685,140.9999993890524,horizontal_axis,0.0,3
