,centerX,centerY,width_box,height_box,axis,rotation,num_labels
13745,215.0,255.0,200.0,100.0,horizontal_axis,0.0,3
17964,215.0,257.0,206.0,196.0,horizontal_axis,0.0,8
13270,214.3739638100444,262.783020319209,251.0,192.0,horizontal_axis,-52.91963084348495,10
24016,216.0,259.0,200.0,196.0,vertical_axis,0.0,22
20325,324.0,404.0,321.0,73.0,vertical_axis,0.0,4
33034,214.00000044703484,256.99999998509884,200.0,100.0,vertical_axis,0.0,4
7589,315.5,399.0,187.0,70.0,vertical_axis,0.0,4
