,centerX,centerY,width_box,height_box,axis,rotation,num_labels
16118,315.49999889172614,201.9999999627471,165.0000006519258,289.9999964609743,vertical_axis,0.0,15
1345,58.19191816539134,250.81951285800363,93.00000226762548,94.00000012715654,vertical_axis,-6.472661692333844,17
30299,323.0,117.0,95.0,144.0,vertical_axis,8.0392777514365,16
15451,321.99999901652336,107.00000138580792,200.0,100.0,vertical_axis,3.9289644708530176,5
12893,319.0,156.0,200.0,100.0,horizontal_axis,94.4721300642844,5
