,centerX,centerY,width_box,height_box,axis,rotation,num_labels
7866,167.44972353949225,316.0420547901563,251.0,149.0,vertical_axis,-31.68966140056679,25
16808,290.89245185786774,212.62754761897685,110.00000134110452,76.00000035762787,vertical_axis,-27.6932735073203,6
8701,173.09370156098026,318.80188220853364,200.0,131.99999904632574,horizontal_axis,-30.388212796275724,5
19320,183.0,325.0,248.0,183.0,vertical_axis,0.0,5
