,centerX,centerY,width_box,height_box,axis,rotation,num_labels
6243,206.0,222.0,84.0,100.0,vertical_axis,0.0,28
406,332.5,95.0,118.0,167.0,vertical_axis,0.0,14
20698,224.0,407.5,47.0,115.0,vertical_axis,0.0,16
12624,333.4999980404973,259.49999994784594,113.00000129640097,483.9999942779543,vertical_axis,0.0,13
23649,205.99999991522893,232.50000049802992,200.0,134.99999925825335,vertical_axis,0.0,11
5442,326.0,265.5,200.0,496.0,vertical_axis,0.0,4
