,centerX,centerY,width_box,height_box,axis,rotation,num_labels
3613,248.66380931050944,248.9581058549596,333.0,306.0,vertical_axis,-18.83341365301869,13
4661,255.03724171821096,74.72963637292224,64.0,100.0,vertical_axis,15.685905920066403,5
26332,232.0,233.5,336.0,255.0,horizontal_axis,0.0,11
24771,250.50000016391272,214.9999998807907,504.9999909102919,383.9999915361407,vertical_axis,0.0,4
