,centerX,centerY,width_box,height_box,axis,rotation,num_labels
10769,250.0,216.5,200.0,195.0,vertical_axis,0.0,43
24128,66.50000517070282,245.00000032782555,35.00000491738311,60.000001192092896,vertical_axis,0.0,23
2454,238.0,342.0,476.0,61.0,vertical_axis,0.0,5
2455,398.0,288.0,38.0,149.0,vertical_axis,0.0,5
31664,242.0,415.0,478.0,186.0,vertical_axis,0.0,3
