,centerX,centerY,width_box,height_box,axis,rotation,num_labels
28908,94.5,265.5,131.0,479.0,vertical_axis,-2.959874852267262,8
29721,84.30735884604388,96.1651441669974,135.0,164.0,vertical_axis,-8.6144807918417,23
1842,130.5000013038516,309.9999991953373,95.00000156462188,100.0,vertical_axis,0.0,9
1843,207.5000001564622,367.99999833107,74.00000187754625,100.0,vertical_axis,0.0,15
24796,176.43725649328485,141.9009599545273,77.0,105.0,vertical_axis,7.96737601354063,11
9006,79.0,104.0,200.0,100.0,vertical_axis,77.02466822233775,3
5009,128.00000143051136,295.9999993642172,200.0,595.9999921162929,vertical_axis,-3.246581770639793,3
34286,85.00000198185438,109.00000219047064,200.0,100.0,horizontal_axis,81.30448738896729,3
