,centerX,centerY,width_box,height_box,axis,rotation,num_labels
27780,272.5,81.0,75.0,145.0,vertical_axis,0.0,78
30109,71.5,194.5,123.0,313.0,horizontal_axis,0.0,8
28498,252.95363021477635,149.06794719463926,518.0,274.0,horizontal_axis,-18.90203382894365,11
13095,194.99999843524265,178.99999979478594,127.99999815307342,357.000006592502,horizontal_axis,-2.133780138769524,5
18316,379.99999445676826,82.5000046715138,38.00000724196397,158.99999736249458,horizontal_axis,0.0,9
