,centerX,centerY,width_box,height_box,axis,rotation,num_labels
3375,432.99999736249447,147.00000052154064,78.00000181794161,60.00000059604639,horizontal_axis,0.0,65
713,366.5,181.0,73.0,28.0,vertical_axis,0.0,4
11315,445.49999717623,88.50000139325851,104.00000143051147,52.00000071525568,vertical_axis,0.0,6
