,centerX,centerY,width_box,height_box,axis,rotation,num_labels
422,370.1394166321463,175.49932974322195,105.0,161.0,vertical_axis,-0.5509039792185746,9
9623,153.5635449092348,285.658071148294,179.0,211.0,vertical_axis,-8.31253407572028,20
13376,374.15019694224986,175.83683044559308,149.0,121.0,horizontal_axis,-11.195492031368316,17
31993,270.1146532839432,171.42533610648468,121.0,154.0,vertical_axis,10.446972037682189,3
3302,332.0,176.0,200.0,176.0,vertical_axis,0.0,7
25601,151.0,283.5,174.0,195.0,horizontal_axis,0.0,3
