,centerX,centerY,width_box,height_box,axis,rotation,num_labels
25918,259.0,154.0,166.0,100.0,horizontal_axis,-4.359042745717318,60
1315,107.96889732950795,247.9029710309272,83.00000247955293,59.00000086890333,horizontal_axis,-2.231654147344713,11
21727,414.9513295414232,147.46363935659247,155.0,72.0,horizontal_axis,-2.1986381714818606,11
17121,255.0,160.0,94.0,50.0,vertical_axis,0.0,5
