,centerX,centerY,width_box,height_box,axis,rotation,num_labels
13279,148.99719654047072,264.2995693472737,241.99999874830257,133.9999989867211,horizontal_axis,1.0728172765098662,18
25142,299.0,260.5,77.0,261.0,horizontal_axis,0.0,8
6207,143.0,256.0,200.0,100.0,vertical_axis,0.0,32
9634,299.5,268.0,65.0,283.0,vertical_axis,0.0,6
34369,186.5,266.0,356.0,482.0,horizontal_axis,0.0,12
25141,211.5,267.0,113.0,88.0,horizontal_axis,0.0,4
21751,87.0,97.0,92.0,172.0,vertical_axis,0.0,4
