,centerX,centerY,width_box,height_box,axis,rotation,num_labels
16792,342.999998703599,130.00000059604645,166.00000050663948,100.0,vertical_axis,0.0,11
6146,357.5,193.0,267.0,270.0,vertical_axis,0.0,21
10292,309.0,241.0,52.0,84.0,vertical_axis,0.0,20
1151,213.5,240.0,57.0,100.0,vertical_axis,0.0,3
19293,309.9999991953373,241.9999989271164,200.0,100.0,vertical_axis,0.0,5
11646,103.42934334392214,159.5498752665311,62.0,88.0,vertical_axis,-12.751796293823972,4
