,centerX,centerY,width_box,height_box,axis,rotation,num_labels
16920,249.5,243.0,223.0,242.0,vertical_axis,0.0,38
23624,343.999998135037,242.49999876022355,44.00000330607074,248.9999968422788,vertical_axis,0.0,4
20308,251.0000000745058,282.99999852478504,37.00000242888922,158.99999912083155,vertical_axis,0.0,8
20307,154.50000151246786,238.49999918788671,37.00000242888922,234.9999979883433,vertical_axis,0.0,5
13962,298.0,259.0,35.0,203.0,vertical_axis,0.0,3
