,centerX,centerY,width_box,height_box,axis,rotation,num_labels
2661,161.8240954307397,132.87718374941971,263.0,267.0,vertical_axis,-24.92957153753943,31
21797,154.80046157478762,146.45581457686933,234.0,199.0,vertical_axis,61.20377421489076,3
