,centerX,centerY,width_box,height_box,axis,rotation,num_labels
18726,167.8704295020833,352.0818199494273,150.00000074505806,153.9999991953373,vertical_axis,5.696586311745932,33
32964,165.0,359.0,164.0,150.0,horizontal_axis,0.0,20
24908,33.00000236928463,345.9999986588955,69.00000195205195,142.99999935925007,horizontal_axis,0.0,12
6825,247.99999833107,61.00000581145267,117.00000247359264,100.0,horizontal_axis,-42.08299686840559,5
