,centerX,centerY,width_box,height_box,axis,rotation,num_labels
8878,285.9999995529652,205.9999997913837,150.00000074505806,100.0,vertical_axis,0.0,32
6925,285.9999991059303,210.999999433756,200.0,92.00000023841858,vertical_axis,0.0,12
18095,289.1271290312633,298.17232539974816,148.0,36.0,vertical_axis,-3.361451651171848,3
