,centerX,centerY,width_box,height_box,axis,rotation,num_labels
34084,146.0,177.0,84.0,134.0,vertical_axis,0.0,55
8712,408.5,170.0,103.0,100.0,vertical_axis,0.0,20
507,149.5423459752456,75.79586207791567,24.0,90.0,horizontal_axis,-6.386052863904908,3
2832,27.50000340491528,173.49999993294475,58.00000211596489,93.00000010430811,vertical_axis,0.0,3
4381,142.0,147.0,200.0,100.0,horizontal_axis,90.81380577376918,3
19914,335.5,154.5,294.0,148.0,vertical_axis,0.0,3
