,centerX,centerY,width_box,height_box,axis,rotation,num_labels
652,108.0,173.0,100.0,146.0,vertical_axis,0.0,40
26511,425.5,300.5,141.0,61.0,vertical_axis,0.0,35
4033,424.4999949783089,303.4999960511925,125.00000223517418,49.00000151991844,horizontal_axis,0.0,3
11789,137.00000177323818,138.00000049173826,162.00000056624413,133.99999949336052,horizontal_axis,0.0,3
