,centerX,centerY,width_box,height_box,axis,rotation,num_labels
7971,393.9172526811286,142.3627637065079,118.0,100.0,vertical_axis,16.44061179393323,26
4601,397.8328912143373,146.28185900565552,104.0,100.0,horizontal_axis,14.854886022456585,7
22498,226.0,105.0,152.0,100.0,vertical_axis,0.0,9
3383,255.0,145.5,392.0,149.0,vertical_axis,0.0,6
