,centerX,centerY,width_box,height_box,axis,rotation,num_labels
19484,256.0,171.0,510.0,340.0,vertical_axis,0.0,8
656,256.0,178.0,200.0,352.0,vertical_axis,0.0,3
13530,256.0,262.5,200.0,155.0,vertical_axis,0.0,36
4780,383.8271439982814,183.009215513206,248.0,176.0,horizontal_axis,0.8999608124837692,4
21418,395.0,179.5,257.0,325.0,horizontal_axis,0.0,3
21419,120.0,180.5,257.0,298.0,horizontal_axis,0.0,4
24018,257.5,222.0,89.0,50.0,vertical_axis,0.0,3
