,centerX,centerY,width_box,height_box,axis,rotation,num_labels
11452,75.50000268965948,191.49999997764823,99.00000150501722,138.9999994188547,vertical_axis,0.0,52
19150,315.5,138.5,35.0,98.0,vertical_axis,0.0,6
19148,482.5,106.5,74.0,155.0,vertical_axis,0.0,5
4684,381.5,312.0,75.0,132.0,vertical_axis,0.0,8
13954,379.1722892602179,214.94022755188865,61.0,337.0,vertical_axis,-2.7840953340127044,5
24238,136.0000017881393,347.99999764561653,200.0,169.99999895691872,vertical_axis,-32.68875330822418,3
26252,471.9796679363219,187.00004138441875,373.9999963124596,121.99999953375932,horizontal_axis,269.7670635217286,3
