,centerX,centerY,width_box,height_box,axis,rotation,num_labels
3841,151.0,398.5,168.0,141.0,vertical_axis,0.0,29
4446,217.0,346.0,16.0,44.0,vertical_axis,0.0,13
33004,295.9999985396862,421.4999975338578,71.00000192224974,72.00000041723246,vertical_axis,0.0,20
30490,154.0000013113022,397.4999957829715,162.00000113248825,148.99999853968626,horizontal_axis,0.0,3
