,centerX,centerY,width_box,height_box,axis,rotation,num_labels
6523,203.06485447551896,196.59103497815704,374.0,365.0,horizontal_axis,-3.552974429621784,7
31782,273.5224692017192,283.19309109260644,124.0,207.0,vertical_axis,3.1900945016091526,14
6100,160.43442052814538,182.61658008377705,274.9999977648259,317.99999350309395,horizontal_axis,-3.152312166895527,4
14659,160.5,179.0,273.0,100.0,horizontal_axis,-6.963468526488057,17
5151,178.0,176.0,200.0,100.0,vertical_axis,0.0,5
9272,106.00000111758708,188.00000002980232,166.00000025331974,100.0,horizontal_axis,0.0,4
31621,98.5,188.0,125.0,16.0,horizontal_axis,0.0,3
