,centerX,centerY,width_box,height_box,axis,rotation,num_labels
21411,164.0,73.5,125.0,54.0,vertical_axis,0.0,12
11179,237.5,255.0,163.0,78.0,vertical_axis,0.0,10
4642,237.3671491773593,259.74296287386176,148.0,100.0,horizontal_axis,8.717456964599648,10
9572,405.5,274.5,167.0,79.0,horizontal_axis,20.439996989422127,5
