,centerX,centerY,width_box,height_box,axis,rotation,num_labels
843,271.0,141.0,114.0,182.0,vertical_axis,0.0,41
5129,458.4857353583154,216.2936254738314,79.0,73.0,vertical_axis,-7.908009922741812,32
1986,459.08668602922864,217.9936224262559,72.0,74.0,horizontal_axis,-8.415448615574434,3
33475,89.25360986843066,213.8202308154076,21.000005334615537,42.00000172853464,vertical_axis,4.848251594784685,13
