,centerX,centerY,width_box,height_box,axis,rotation,num_labels
164,374.0,90.0,200.0,100.0,vertical_axis,0.0,4
12008,377.0,141.0,104.0,252.0,vertical_axis,0.0,36
8993,377.2185238792776,151.50144711454408,233.0,100.0,horizontal_axis,90.75884012426854,5
13101,379.0000031551663,142.49999890980024,89.9999971783065,257.0000040273261,horizontal_axis,0.0,3
