,centerX,centerY,width_box,height_box,axis,rotation,num_labels
6869,312.9999983012676,209.499999716878,138.00000184774393,81.00000056624413,vertical_axis,0.0,47
7199,401.0,340.5,21.0,33.0,vertical_axis,0.0,3
