,centerX,centerY,width_box,height_box,axis,rotation,num_labels
30594,170.0,289.0,338.0,444.0,vertical_axis,0.0,23
29170,170.0,194.000000923872,200.0,223.99999815225607,vertical_axis,0.0,6
2594,169.00000001490116,457.99999698996544,277.9999988377095,227.99999809265145,horizontal_axis,0.0,3
10709,170.0,411.5,310.0,194.0,vertical_axis,0.0,8
10252,171.0,277.0,200.0,484.0,vertical_axis,0.0,8
32295,171.00000002235174,221.9999992400408,185.9999996870756,91.999999821186,horizontal_axis,0.0,3
