,centerX,centerY,width_box,height_box,axis,rotation,num_labels
26509,385.0,286.0,200.0,100.0,horizontal_axis,0.0,7
10313,380.0,269.0,200.0,100.0,vertical_axis,0.0,56
12643,260.9999999254942,171.0,507.9999954104424,100.0,horizontal_axis,0.0,3
20221,257.49999997764826,166.50000006705525,512.9999953359365,75.00000037252903,vertical_axis,0.0,3
