,centerX,centerY,width_box,height_box,axis,rotation,num_labels
20880,249.0,170.5,496.0,187.0,horizontal_axis,0.0,27
34436,376.9999981969595,142.00000044703478,200.0,100.0,vertical_axis,0.0,5
13298,354.4999970644715,171.00000002980232,234.99999895691872,151.99999845027935,horizontal_axis,-0.5025927975585489,12
28319,72.0,183.0,200.0,100.0,horizontal_axis,0.0,3
