,centerX,centerY,width_box,height_box,axis,rotation,num_labels
4797,256.0,163.0,200.0,144.0,vertical_axis,-0.289826856599916,6
14825,256.0,170.0,500.9999952157341,313.9999965985619,vertical_axis,0.0,28
14329,256.0,179.5,200.0,281.0,vertical_axis,0.0,10
14824,256.5816994067078,173.00540322264453,500.9999952157341,313.9999965985619,horizontal_axis,-0.3227687820661487,4
