,centerX,centerY,width_box,height_box,axis,rotation,num_labels
11693,404.0,159.0,52.0,100.0,vertical_axis,0.0,32
51,269.9617907464083,221.44765432288693,228.0,100.0,vertical_axis,-35.38457669311647,7
1743,189.5000009909272,161.00000013411045,77.00000183284277,74.00000038743013,vertical_axis,0.0,8
3741,397.999996990628,164.00000012715657,200.0,100.0,vertical_axis,0.0,4
5123,188.5,148.5,229.0,57.0,vertical_axis,0.0,4
19557,284.99999913573265,143.00000080466265,67.00000396370876,66.00000101327896,vertical_axis,0.0,6
26902,401.1052428251624,204.09332406156176,186.0,78.0,horizontal_axis,86.99342157353712,3
