,centerX,centerY,width_box,height_box,axis,rotation,num_labels
3377,260.9999999254942,150.99999949336052,190.0000001490116,161.99999907612806,vertical_axis,0.0,36
13693,427.9999974370003,59.50000085681677,172.00000041723246,81.00000028312212,horizontal_axis,0.0,10
19280,261.99999991059303,92.00000037252904,200.0,100.0,vertical_axis,0.0,4
19122,316.0,129.0,8.0,58.0,vertical_axis,0.0,3
