,centerX,centerY,width_box,height_box,axis,rotation,num_labels
296,209.98871275453132,367.52221627826543,67.0,212.0,horizontal_axis,17.43724377841069,3
25256,218.410208378924,343.67361156268885,98.0,228.0,vertical_axis,13.60683646578235,32
8543,214.30653114442111,128.14390815602746,403.0,112.0,vertical_axis,16.62978183974174,4
11880,173.69305234698044,107.86170494743249,186.00000020861623,122.99999965727328,vertical_axis,14.025470010510048,4
32000,222.37344530281604,216.41948097630785,59.0,120.0,vertical_axis,-33.80368891614232,5
