,centerX,centerY,width_box,height_box,axis,rotation,num_labels
31842,324.49999897927046,154.500000230968,129.00000105798244,168.9999989718199,vertical_axis,0.0,18
10447,63.50000286847347,205.9999994635582,99.00000150501728,100.0,vertical_axis,2.870577521188892,48
1293,222.1653509609796,73.57247121554713,73.0000026914806,37.000001335143935,horizontal_axis,-24.43772646068487,3
10448,332.4999988600612,223.9999991953373,34.00000247359276,48.00000077486038,vertical_axis,0.0,26
11204,263.0,57.0,200.0,100.0,vertical_axis,0.0,4
29649,264.5,146.0,279.0,256.0,vertical_axis,0.0,6
24522,315.9999995529651,216.9999996498227,200.0,100.0,vertical_axis,-0.6334493012762437,3
