,centerX,centerY,width_box,height_box,axis,rotation,num_labels
18625,325.0248435804863,242.9451841889927,200.0,212.99999831616884,vertical_axis,-28.78662776657908,5
34358,272.53652169481376,146.7919442863825,71.0,64.0,vertical_axis,-12.797592704004929,11
24407,257.5,187.5,513.0,337.0,vertical_axis,0.0,5
30197,286.95528589069136,227.7043162719289,132.0,100.0,vertical_axis,-17.198541220065877,6
13582,107.50000182527948,176.00000003687433,202.99999996312567,100.0,vertical_axis,-3.2004020810902603,4
24101,113.04552992337892,156.82984039682975,234.0,100.0,horizontal_axis,2.36871617829631,8
28191,304.84760651576954,283.0252332161965,496.0,244.0,vertical_axis,-18.80339482640393,3
