,centerX,centerY,width_box,height_box,axis,rotation,num_labels
16922,212.5,313.0,151.0,410.0,vertical_axis,0.0,35
15790,177.0,256.0,200.0,100.0,vertical_axis,0.0,3
25030,47.0,462.5,23.0,118.0,vertical_axis,0.0,3
20184,239.99999906122684,70.00000277161593,105.00000141561031,55.000000670552254,vertical_axis,0.0,6
20496,208.9999995231628,313.49999914318323,146.0000008046627,391.99999564886105,horizontal_axis,0.0,7
