,centerX,centerY,width_box,height_box,axis,rotation,num_labels
6900,417.9999951720239,200.9999997317791,55.000004321336576,60.00000119209284,vertical_axis,7.495111781406564,9
22318,189.64150933996268,211.10969598654964,86.0,385.0,vertical_axis,-73.06139168392374,4
26484,175.2823578747945,151.90511095769153,200.0,73.00000040233135,horizontal_axis,14.071794290066606,15
17318,192.3595810325484,214.20691194758567,412.9999968260527,68.00000047683716,horizontal_axis,18.2288336199301,18
33645,434.014821429652,203.53974158823064,89.0,71.0,horizontal_axis,9.987601369565311,9
6901,400.9999956786635,77.00000342726696,145.00000163912767,115.99999952316284,vertical_axis,0.0,4
26486,325.9999989569187,252.9999990910292,172.0000004172325,65.00000052154064,horizontal_axis,20.24659824071442,6
