,centerX,centerY,width_box,height_box,axis,rotation,num_labels
419,110.0,223.5,222.0,443.0,vertical_axis,0.0,32
32629,283.5,265.0,146.0,374.0,vertical_axis,0.0,26
20240,124.00000081956388,138.50000175088644,60.00000208616251,45.00000081956384,vertical_axis,0.0,6
5758,279.9999984949827,188.0000010132789,164.0000005364418,100.0,vertical_axis,0.0,4
30708,111.00000101327896,274.4999997243285,141.0000008791685,264.99999754130846,vertical_axis,0.0,6
9603,109.0,197.0,217.0,407.0,horizontal_axis,1.5146081693538918,4
