,centerX,centerY,width_box,height_box,axis,rotation,num_labels
28351,319.9999990463257,192.9999996125698,194.00000008940697,269.99999746680265,vertical_axis,0.0,17
1623,328.4999978393316,245.99999764561653,108.0000027418136,93.0000002086162,vertical_axis,0.0,3
16218,129.0,249.0,200.0,104.0,horizontal_axis,0.0,5
13276,318.9999981224537,119.50000141561031,180.00000059604645,118.99999943375592,vertical_axis,0.0,15
22369,443.9999971985817,220.9999991953373,102.0000014603138,125.99999961256988,horizontal_axis,0.0,8
