,centerX,centerY,width_box,height_box,axis,rotation,num_labels
17396,200.0,267.5,400.0,485.0,horizontal_axis,0.0,19
25575,198.5,279.5,399.0,291.0,horizontal_axis,0.0,14
31789,126.0,84.0,90.0,116.0,vertical_axis,0.0,7
24767,311.49999667704105,134.50000362098206,115.00000253319725,106.99999979138374,vertical_axis,0.0,13
7851,200.5,209.5,395.0,145.0,vertical_axis,0.0,5
13590,197.5000000307286,261.9999999262514,390.9999976523341,513.9999949113422,vertical_axis,0.0,3
