,centerX,centerY,width_box,height_box,axis,rotation,num_labels
920,174.5,249.0,263.0,316.0,vertical_axis,0.0,5
12630,321.99999901652336,199.5000000819564,184.00000023841852,285.9999972283841,vertical_axis,0.0,4
21774,170.5,185.0,255.0,172.0,vertical_axis,0.0,28
30202,167.5,150.0,121.0,100.0,vertical_axis,0.0,6
29316,165.0,149.0,200.0,100.0,vertical_axis,0.0,4
21775,324.5,106.5,114.0,103.0,vertical_axis,0.0,3
