,centerX,centerY,width_box,height_box,axis,rotation,num_labels
8505,227.5,188.0,257.0,188.0,vertical_axis,0.0,32
26307,445.0,249.0,140.0,207.0,vertical_axis,0.0,7
1839,227.00000043213367,232.0,106.0000014007091,100.0,vertical_axis,0.0,4
15171,226.00000044703484,248.99999974668023,200.0,100.0,vertical_axis,0.0,3
