,centerX,centerY,width_box,height_box,axis,rotation,num_labels
5911,176.5,128.5,109.0,169.0,vertical_axis,0.0,34
32067,70.0,128.5,72.0,70.0,vertical_axis,0.0,10
31160,183.0484402624836,161.9976480091094,43.0,56.0,vertical_axis,-5.5595652990854205,7
27462,190.0,149.0,200.0,100.0,horizontal_axis,89.54641788790603,4
28629,190.0,207.5,200.0,201.0,vertical_axis,0.0,7
