,centerX,centerY,width_box,height_box,axis,rotation,num_labels
22743,265.49999985843897,216.99999962747097,268.9999989718199,187.99999868869787,vertical_axis,0.0,37
21316,265.5,83.0,181.0,71.0,vertical_axis,0.0,8
7078,326.0,155.0,58.0,56.0,vertical_axis,0.0,26
20060,412.5,99.0,63.0,44.0,vertical_axis,-5.181879638859115,5
32467,254.0,246.5,500.0,253.0,vertical_axis,1.1450473742817024,8
