,centerX,centerY,width_box,height_box,axis,rotation,num_labels
13047,251.0,167.0,338.0,326.0,vertical_axis,0.0,45
19170,160.0,167.0,44.0,64.0,vertical_axis,0.0,5
21015,255.0,75.0,190.0,100.0,vertical_axis,0.0,5
2183,255.0,257.0,200.0,100.0,vertical_axis,0.0,14
8862,21.50000349432221,365.4999974146485,24.00000262260437,22.000001162290573,vertical_axis,0.0,3
8863,436.9999973028898,344.99999772012234,24.00000262260437,22.000001162290573,vertical_axis,0.0,3
