,centerX,centerY,width_box,height_box,axis,rotation,num_labels
16477,261.0,179.5,200.0,319.0,vertical_axis,-3.749064522347979,33
26036,164.50089992147218,167.52998518990302,103.0,311.0,vertical_axis,-3.438112593854356,16
7202,53.0,167.5,78.0,303.0,vertical_axis,-2.284511262528028,9
31166,450.0,178.0,68.0,298.0,horizontal_axis,-3.019948856852736,3
31169,163.0,163.0,93.0,325.0,horizontal_axis,-3.134751264968841,3
16773,344.49999868124723,177.0000003129244,91.00000162422656,317.999996751547,horizontal_axis,-3.93329417399876,3
9963,254.5,196.5,503.0,383.0,vertical_axis,-3.6941368220596615,4
22375,448.5046271164204,178.1799682313171,71.00000192224974,300.9999970048667,vertical_axis,-2.9474149741071614,3
