,centerX,centerY,width_box,height_box,axis,rotation,num_labels
30465,281.9466968557846,146.0311315992035,179.9999995408234,100.0,horizontal_axis,5.91847165945795,34
1287,169.50000183317377,88.50000172721002,100.00000211927612,63.00000078413217,horizontal_axis,-6.932636352489382,6
3955,148.44089072560513,243.41152393817856,116.0,54.0,horizontal_axis,16.347557474294632,8
11336,489.10528295866914,182.8596401469148,69.00000195205212,66.00000050663948,horizontal_axis,18.67380063064735,4
29492,337.5,158.0,49.0,48.0,horizontal_axis,11.033219807863604,4
