,centerX,centerY,width_box,height_box,axis,rotation,num_labels
25279,198.4344391742981,174.18940684150982,130.0,221.0,vertical_axis,11.441043868767425,39
15033,202.34726586225327,168.13807583473687,175.00000037252903,248.99999777972693,horizontal_axis,15.639281995039925,4
25278,309.79805509603216,249.0063387295839,63.0,134.0,vertical_axis,2.4366482468101367,12
21013,80.81739729658022,312.2488317534546,58.0,96.0,vertical_axis,1.556567471339875,3
15034,305.999999254942,246.99999904632568,61.000002071261406,132.99999950826168,horizontal_axis,0.0,3
