,centerX,centerY,width_box,height_box,axis,rotation,num_labels
4581,257.0,179.0,510.0,322.0,horizontal_axis,0.0,24
7604,333.0,88.5,39.0,131.0,vertical_axis,0.0,9
2311,89.5,140.0,175.0,62.0,horizontal_axis,0.0,4
24065,130.50000187009573,80.00000134110445,82.00000175833702,62.00000056624407,vertical_axis,0.0,6
6927,257.4999999552965,187.9999994635582,508.99999079108267,100.0,horizontal_axis,0.0,3
15038,90.50000246614212,155.00000022351742,171.00000043213367,92.00000011920928,vertical_axis,0.0,6
22082,256.0,170.0,200.0,100.0,horizontal_axis,0.0,4
32503,300.99999932944775,185.499999769032,267.99999898672104,312.9999968260527,horizontal_axis,0.0,5
