,centerX,centerY,width_box,height_box,axis,rotation,num_labels
19349,257.5,360.0,88.0,308.0,vertical_axis,0.0,31
2471,114.0,313.0,130.0,394.0,vertical_axis,0.0,28
31854,105.00000095367432,467.99999684095394,30.00000253319729,51.0000007301569,vertical_axis,2.447025204017081,3
6325,260.08480244702343,389.99976925361375,269.99999687075626,100.0,horizontal_axis,89.69630760271895,5
10284,112.5,237.0,135.0,100.0,vertical_axis,0.0,6
29231,112.48716537291784,341.9981458317304,328.0,100.0,horizontal_axis,89.56386266639119,3
27775,261.0,391.0,200.0,237.0,vertical_axis,0.0,4
