,centerX,centerY,width_box,height_box,axis,rotation,num_labels
9097,219.5,253.5,179.0,475.0,vertical_axis,-3.1786906914200728,30
4022,223.0938573890681,259.4807199360799,162.00000113248825,114.99999955296512,horizontal_axis,266.1845332171927,7
6254,232.0,430.0,176.0,100.0,vertical_axis,0.0,6
32007,59.0,100.5,76.0,111.0,vertical_axis,3.869614601818995,7
21793,210.5,91.0,101.0,136.0,vertical_axis,0.0,6
24962,27.0,243.0,30.0,37.0,horizontal_axis,0.0,6
24965,37.0,414.0,27.0,23.0,horizontal_axis,0.0,3
