,centerX,centerY,width_box,height_box,axis,rotation,num_labels
17321,346.4999986514449,173.99999994039536,87.00000168383121,244.9999978393318,vertical_axis,0.0,12
17320,383.99999809265137,265.4999985769391,42.00000235438341,71.00000043213373,vertical_axis,0.0,15
1152,337.5,224.0,27.0,136.0,vertical_axis,0.0,4
17324,127.5000019147992,275.9999984204769,41.00000236928469,90.00000014901178,vertical_axis,0.0,41
32703,264.7816559496966,213.7392529530277,48.0,125.0,vertical_axis,-9.371254875414609,17
12905,335.0,145.0,200.0,100.0,horizontal_axis,88.25105395544577,3
5010,344.42069525926604,170.54249498691274,239.0,79.0,vertical_axis,90.23276282377893,3
6359,345.0,107.0,94.0,122.0,vertical_axis,0.0,7
