,centerX,centerY,width_box,height_box,axis,rotation,num_labels
32128,180.5,198.5,159.0,335.0,vertical_axis,0.0,30
5168,194.0,223.5,386.0,389.0,vertical_axis,0.0,3
8289,194.4999999813736,256.9999999925494,386.9999986067416,505.9999969750643,vertical_axis,0.0,3
33682,172.5,407.5,21.0,23.0,vertical_axis,0.0,6
14360,185.38976438173265,216.03600133872828,281.0,106.0,horizontal_axis,93.19445830149236,5
22085,192.0,256.0,200.0,100.0,vertical_axis,0.0,3
