,centerX,centerY,width_box,height_box,axis,rotation,num_labels
25301,255.5000000223517,245.99999660253536,125.0000033527611,140.99999816715723,vertical_axis,0.0,42
3977,420.0,228.0,164.0,188.0,vertical_axis,0.0,30
31818,435.0,315.0,106.0,53.0,vertical_axis,0.0,12
6527,258.0,154.5,32.0,88.0,vertical_axis,0.0,8
1985,75.0,188.5,136.0,149.0,vertical_axis,0.0,16
