,centerX,centerY,width_box,height_box,axis,rotation,num_labels
8719,305.0,227.0,148.0,136.0,vertical_axis,0.0,38
30493,161.0775948476752,129.03132533327084,167.00000098347664,165.99999803304678,vertical_axis,6.208410850798202,9
7565,395.5,278.0,62.0,49.0,vertical_axis,0.0,13
20054,156.20885832416815,133.16953872229794,162.0,34.0,vertical_axis,6.953613484152001,4
31631,304.0,182.0,29.0,49.0,vertical_axis,0.0,4
14265,299.999998688698,218.4999988824129,132.00000202655792,128.99999913573265,horizontal_axis,0.0,3
