,centerX,centerY,width_box,height_box,axis,rotation,num_labels
27512,257.64716814822765,160.35362349685204,128.0,122.0,vertical_axis,8.703004563685283,37
24061,254.26325368783807,163.69872005345684,200.0,156.99999915063387,horizontal_axis,100.02692470307,5
28833,284.5,156.5,169.0,141.0,horizontal_axis,0.0,5
