,centerX,centerY,width_box,height_box,axis,rotation,num_labels
26904,351.58106208086497,182.52342298277932,217.0,105.0,horizontal_axis,89.45434240658427,4
34432,351.9999985694885,180.49999985843897,200.0,234.9999979883433,vertical_axis,0.0,34
17609,86.0,157.0,40.0,305.0,vertical_axis,4.995855279292911,3
13096,352.0000024625689,179.00000020521406,200.0,240.00000359124616,horizontal_axis,0.0,4
24339,86.0,156.5,200.0,307.0,vertical_axis,4.677890376452041,3
