,centerX,centerY,width_box,height_box,axis,rotation,num_labels
31350,215.0,258.5,200.0,465.0,vertical_axis,0.0,9
33570,221.5,257.0,321.0,468.0,vertical_axis,0.0,16
13477,217.0,112.5,214.0,75.0,horizontal_axis,-6.050992641002935,6
12839,213.0,387.5,142.0,143.0,vertical_axis,0.0,6
11703,216.0,167.5,200.0,295.0,vertical_axis,0.0,3
15749,216.999999254942,97.00000473856916,200.0,100.0,vertical_axis,-5.112860878257152,4
23255,219.5097343828024,235.32708325028565,17.0,322.0,vertical_axis,86.5906265796389,3
