,centerX,centerY,width_box,height_box,axis,rotation,num_labels
18083,183.0,339.0,200.0,100.0,horizontal_axis,24.37769570222073,37
14118,79.19728645702259,65.24957041110531,139.0,239.0,vertical_axis,76.57662185851242,7
14119,34.023448695328966,298.93066623846295,31.0,155.0,vertical_axis,34.33596099680467,6
17354,299.67675692377475,389.7244274378117,33.00000248849386,244.99999783933168,vertical_axis,-11.705076227073532,7
5373,188.0,336.0,200.0,100.0,vertical_axis,51.599176468045854,6
31576,165.4650729252986,389.69102094872176,210.0,201.0,vertical_axis,14.504955838658772,7
