,centerX,centerY,width_box,height_box,axis,rotation,num_labels
20819,209.5,221.0,149.0,174.0,vertical_axis,0.0,42
7839,342.0,192.0,56.0,82.0,vertical_axis,0.0,12
11333,67.00000180304045,294.9999994188547,38.00000241398806,65.0000005215407,vertical_axis,0.0,6
32101,209.5,284.0,64.0,100.0,vertical_axis,0.0,6
