,centerX,centerY,width_box,height_box,axis,rotation,num_labels
11316,214.5000006183982,123.500000692904,83.0000017434358,128.99999956786633,vertical_axis,0.0,40
11317,189.7909029546448,271.787050537803,89.00000165402884,194.9999985843897,vertical_axis,37.17316523951291,12
