,centerX,centerY,width_box,height_box,axis,rotation,num_labels
31493,201.5,145.5,136.0,175.0,vertical_axis,0.0,42
14599,185.0,397.0,200.0,232.0,vertical_axis,0.0,6
28005,197.00189526267843,253.82587185513484,246.0,504.0,vertical_axis,1.2471994663992805,8
6367,199.0,270.0,80.0,74.0,vertical_axis,0.0,12
12477,197.4999999607452,360.5001981283608,77.0,41.0,vertical_axis,0.0227038383394244,4
24371,200.0,253.5,388.0,505.0,vertical_axis,0.0,3
17761,192.49999998509884,392.99999591708206,381.9999945759776,217.99999648332613,vertical_axis,0.0,6
20295,198.49999990314245,163.000001385808,120.0000011920929,178.99999882280832,horizontal_axis,0.0,4
