,centerX,centerY,width_box,height_box,axis,rotation,num_labels
14124,162.499470309172,226.53985965267776,271.0,335.0,vertical_axis,1.522705821372938,46
23436,165.0,152.0,200.0,100.0,vertical_axis,0.0,6
2639,165.00000004470348,344.99999867379665,167.00000049173832,150.99999924004078,horizontal_axis,0.0,3
26471,165.00000004470348,133.00000183284277,124.0000011324882,153.99999919533735,vertical_axis,0.0,3
