,centerX,centerY,width_box,height_box,axis,rotation,num_labels
1373,256.0,171.0,200.0,100.0,vertical_axis,0.0,6
18108,240.847740592361,152.0426617909754,54.0,232.0,vertical_axis,-0.7946028377195233,31
6334,242.0000006258487,307.999993875623,200.0,68.00000143051142,vertical_axis,0.0,21
5023,108.87990700411729,148.06638567172394,30.0,56.0,vertical_axis,12.972022830172264,17
11614,299.0,182.0,61.0,68.0,vertical_axis,0.0,11
5418,242.0,147.5,200.0,209.0,vertical_axis,-1.838811560783924,6
6995,79.45735929448898,162.17145591682305,200.0,72.0,horizontal_axis,-75.12989512107936,5
16776,252.00000005960464,171.0,505.99999544024473,339.9999964237214,vertical_axis,0.0,3
24980,475.1267595328825,89.20560434748546,40.0,114.0,vertical_axis,-23.500344909846817,3
