,centerX,centerY,width_box,height_box,axis,rotation,num_labels
10931,204.1733742929203,415.4040949583933,98.00000151991838,285.999997228384,vertical_axis,-56.482485076173646,9
7196,145.5,237.0,35.0,70.0,vertical_axis,0.0,8
30954,210.42723681513485,410.9323140499248,270.999998495314,100.0,horizontal_axis,31.69339442309296,14
17950,251.69252716501623,442.80414152291496,115.0,155.0,vertical_axis,-54.509605491065685,4
19894,292.5,218.5,70.0,117.0,vertical_axis,-2.491626453746875,14
16739,218.076137800644,420.4664590544876,200.0,275.0,vertical_axis,-53.81366154647125,10
