,centerX,centerY,width_box,height_box,axis,rotation,num_labels
1995,161.49736690588537,250.1357377089004,261.0,266.0,vertical_axis,2.22261392071438,30
520,195.0,333.0,24.0,112.0,vertical_axis,0.0,3
521,91.0,330.0,24.0,112.0,vertical_axis,0.0,3
24887,171.07110324216478,195.0073559603888,298.9999985247851,167.9999989867211,vertical_axis,0.5364514775401545,7
19897,168.0,134.5,61.0,47.0,vertical_axis,0.0,3
5795,169.0,250.5,318.0,283.0,horizontal_axis,1.249242678697243,3
