,centerX,centerY,width_box,height_box,axis,rotation,num_labels
21746,247.5,66.5,149.0,130.0,vertical_axis,0.0,27
21458,420.4999950975181,129.0000002086163,87.00000336766232,261.99999517202394,vertical_axis,0.0,7
2432,255.0000000149012,71.50000096112484,381.9999972879887,138.9999994188547,vertical_axis,0.0,4
24499,253.5,134.5,427.0,269.0,vertical_axis,0.0,5
28787,126.35555450472192,105.00972412186916,95.0000019557774,62.00000070780516,vertical_axis,0.5388176913402418,16
