,centerX,centerY,width_box,height_box,axis,rotation,num_labels
20540,185.99999974668032,257.9999999701977,287.999998688698,503.999993979931,vertical_axis,0.0,23
8112,184.499999769032,383.499998100102,134.00000098347664,142.99999935925013,vertical_axis,0.0,31
10099,185.0,178.0,200.0,100.0,vertical_axis,0.0,11
8111,182.49999979883432,159.00000144541264,298.9999985247851,233.99999800324449,vertical_axis,0.0,7
5088,182.0,283.0,46.0,61.0,vertical_axis,0.0,7
5542,182.00547101419025,401.0085898995581,102.0,126.0,vertical_axis,89.95524660096923,3
