,centerX,centerY,width_box,height_box,axis,rotation,num_labels
6216,130.0,256.0,200.0,100.0,vertical_axis,0.0,9
22518,131.0,315.5,82.0,319.0,vertical_axis,0.0,21
11620,129.5,47.5,151.0,79.0,vertical_axis,0.0,29
24822,131.0,256.0,250.0,498.0,vertical_axis,0.0,17
11428,130.99999998509884,444.9999971836805,66.0000019967556,96.00000005960464,vertical_axis,0.0,6
5884,131.0,445.0,215.0,100.0,vertical_axis,0.0,5
17054,131.0,216.0,63.0,87.0,vertical_axis,0.0,6
