,centerX,centerY,width_box,height_box,axis,rotation,num_labels
23643,127.00000133514384,186.0000014834933,200.0,279.9999961853031,vertical_axis,0.0,27
24087,126.66094892600438,184.645135061202,238.0,126.0,horizontal_axis,88.03367130850185,4
20888,320.1790290386424,180.87759762194923,77.0,68.0,vertical_axis,-1.1418626597660904,9
18621,123.0000009983778,279.99999964237213,200.0,451.9999947547914,vertical_axis,0.0,5
34284,125.00000096857548,104.00000226497644,200.0,100.0,vertical_axis,0.0,4
31004,281.5,282.0,128.0,131.0,vertical_axis,0.0,5
