,centerX,centerY,width_box,height_box,axis,rotation,num_labels
26767,206.837605893052,387.5009517515101,245.0,195.0,vertical_axis,-12.365649784212296,38
711,250.0,103.0,200.0,176.0,vertical_axis,0.0,35
27304,215.22135295420725,244.08290748515407,271.0,477.0,horizontal_axis,16.088123363925675,4
