,centerX,centerY,width_box,height_box,axis,rotation,num_labels
7995,274.0,152.0,98.0,136.0,vertical_axis,0.0,21
7996,437.0,197.5,134.0,227.0,vertical_axis,0.0,31
1065,264.0,239.0,53.0,76.0,vertical_axis,0.0,4
12708,280.0,183.0,200.0,100.0,vertical_axis,0.0,5
16802,276.4999996945262,152.5000005885958,240.9999993890524,156.9999991506338,vertical_axis,0.0,3
