,centerX,centerY,width_box,height_box,axis,rotation,num_labels
11209,242.0,194.0,200.0,198.0,vertical_axis,0.0,41
2636,250.4970155396169,183.09457666075377,155.00000067055225,177.99999883770943,horizontal_axis,3.614955136415873,3
15316,245.0,192.0,200.0,100.0,vertical_axis,0.0,3
