,centerX,centerY,width_box,height_box,axis,rotation,num_labels
11506,265.0,212.0,460.0,100.0,vertical_axis,0.860313069870017,14
1353,78.67413770920996,135.17692575732048,158.00000089009586,35.00000137752943,vertical_axis,-2.174136492828936,3
1354,348.3127808635095,107.4859976183334,329.999997244941,66.00000072055383,vertical_axis,-5.127164506401797,4
6143,249.0,210.0,222.0,100.0,vertical_axis,0.0,22
27181,264.0,221.5,468.0,89.0,horizontal_axis,0.0,6
32669,384.5,250.0,51.0,44.0,vertical_axis,0.0,3
23244,212.0,197.0,39.0,28.0,horizontal_axis,0.0,5
23246,265.0,197.0,60.0,28.0,vertical_axis,0.0,5
