,centerX,centerY,width_box,height_box,axis,rotation,num_labels
27633,147.00000162422657,124.50000067800283,164.0000005364418,49.00000075995917,vertical_axis,0.0,42
34789,143.5,125.5,151.0,45.0,horizontal_axis,0.0,9
23283,255.5,244.0,510.0,195.0,vertical_axis,0.0,3
