,centerX,centerY,width_box,height_box,axis,rotation,num_labels
17386,183.9985434524561,220.0763155858584,110.0,122.0,vertical_axis,1.391575586092003,30
27294,255.0,186.0,60.0,100.0,vertical_axis,-4.793955971664715,5
28637,201.0,208.0,200.0,100.0,vertical_axis,0.0,6
26468,381.9999981224537,113.50000084191556,31.00000251829624,91.00000013411044,vertical_axis,0.0,4
