,centerX,centerY,width_box,height_box,axis,rotation,num_labels
22702,308.99999921023846,187.49999973922968,50.00000223517418,65.00000052154064,vertical_axis,0.0,37
5156,305.0,177.0,200.0,100.0,vertical_axis,0.0,6
