,centerX,centerY,width_box,height_box,axis,rotation,num_labels
161,164.0,274.0,200.0,100.0,vertical_axis,0.0,5
30204,391.5,159.5,87.0,35.0,vertical_axis,0.0,4
19104,112.0,283.0,63.0,60.0,vertical_axis,0.0,33
29489,328.6361221969247,146.9820266210612,208.0,253.0,vertical_axis,10.132169874767143,17
17344,40.00000321865079,167.00000016391277,43.00000233948225,48.00000077486038,vertical_axis,0.0,3
30721,360.9999984353781,217.99999940395355,98.00000151991844,117.9999997317791,vertical_axis,0.0,6
25584,332.5,152.5,209.0,251.0,horizontal_axis,0.0,3
