,centerX,centerY,width_box,height_box,axis,rotation,num_labels
18402,174.5,299.0,187.0,186.0,vertical_axis,0.0,34
11132,178.4999995796856,253.9999999377312,42.99999511189941,51.99999850554889,vertical_axis,0.0,8
26346,238.0,430.0,107.0,49.0,vertical_axis,0.0,3
30330,175.0,364.0,155.0,35.0,vertical_axis,0.0,3
