,centerX,centerY,width_box,height_box,axis,rotation,num_labels
1943,391.4999979808927,151.00000028312206,141.0000008791685,100.0,vertical_axis,0.0,43
2633,393.99999794363976,127.50000063329936,93.0000015944242,65.00000052154064,horizontal_axis,0.0,4
6326,391.0001329100255,164.02357484460669,200.0,103.99999982118608,horizontal_axis,89.32462246432289,4
