,centerX,centerY,width_box,height_box,axis,rotation,num_labels
23226,285.00390827351634,293.9927466267571,214.0,74.0,horizontal_axis,-89.9680269120727,16
1837,286.0,232.5,78.0,77.0,vertical_axis,0.0,9
30437,286.5000021696094,232.9999994719469,76.99999717606391,100.0,horizontal_axis,0.0,4
13705,282.4999986514449,340.9999987334013,46.00000229477877,106.99999989569189,vertical_axis,0.0,4
25913,287.0,294.0,200.0,212.0,vertical_axis,0.0,5
34779,287.0,274.0,200.0,100.0,horizontal_axis,92.43664824681014,3
