,centerX,centerY,width_box,height_box,axis,rotation,num_labels
12533,415.4999952465298,176.99999979138374,145.00000163912767,46.00000160932535,vertical_axis,0.1896993026640245,13
20028,197.0,168.0,200.0,100.0,horizontal_axis,0.0,7
32931,253.5000000745057,139.50000090897083,492.99999126791977,43.00000169873232,horizontal_axis,0.0,12
11538,264.09345427568456,167.69514333675568,473.9999959170819,100.0,vertical_axis,3.55510295877383,9
34173,235.1693326941479,204.103092578239,106.00000140070904,43.00000084936619,vertical_axis,3.6298835819476665,5
18224,413.5,180.0,158.0,70.0,horizontal_axis,0.0,5
20873,101.98084009016117,114.6543220694462,61.0,91.0,vertical_axis,-22.03579285562938,3
26684,226.0,170.0,200.0,100.0,vertical_axis,0.0,4
