,centerX,centerY,width_box,height_box,axis,rotation,num_labels
69,191.99999997019768,409.9999977052212,337.99999794363976,201.9999984800816,vertical_axis,0.0,3
25166,47.0,262.5,86.0,221.0,vertical_axis,0.0,30
1524,190.0,409.49999771267176,134.00000098347658,202.9999984651804,vertical_axis,0.0,13
18093,203.0,408.0,147.0,37.0,horizontal_axis,0.0,4
29073,181.63069483467257,452.0071894786705,88.00000178019192,302.9999967734023,vertical_axis,87.56826766437926,3
