,centerX,centerY,width_box,height_box,axis,rotation,num_labels
31131,252.5,235.5,171.0,46.0,horizontal_axis,0.0,14
1949,292.0090128636054,250.57377657309763,75.00000186264509,109.9999998509884,vertical_axis,52.51625754172034,26
19559,445.675590980007,260.61728612199283,81.00000354647625,199.99999701976787,vertical_axis,-44.61511189719735,5
7859,292.0,98.0,60.0,188.0,vertical_axis,0.0,11
16934,293.9999994337559,170.00000029802322,52.00000220537186,37.00000093877316,vertical_axis,0.0,6
22766,379.5,314.0,57.0,118.0,vertical_axis,0.0,3
18124,226.0,231.0,108.0,56.0,vertical_axis,0.0,3
