,centerX,centerY,width_box,height_box,axis,rotation,num_labels
31308,187.0,300.0,162.0,226.0,horizontal_axis,0.0,3
1130,174.0,151.0,25.0,294.0,vertical_axis,6.235340144301887,3
3179,188.0,323.0,162.0,234.0,vertical_axis,0.0,26
27449,185.0,308.0,200.0,100.0,horizontal_axis,89.68500901525783,7
8219,192.0,256.0,200.0,100.0,vertical_axis,0.0,8
25277,200.22271653205092,98.36458312223786,55.0,197.0,vertical_axis,3.247342790322918,4
