,centerX,centerY,width_box,height_box,axis,rotation,num_labels
10923,91.00000245869154,289.999998241663,160.00000059604645,107.99999988079072,vertical_axis,0.0,34
457,347.0,172.0,318.0,334.0,horizontal_axis,0.0,3
32084,351.0,172.5,316.0,339.0,vertical_axis,0.0,10
24262,358.9999984651804,172.99999998509884,200.0,327.9999966025353,vertical_axis,0.0,3
