,centerX,centerY,width_box,height_box,axis,rotation,num_labels
6341,267.9999994635582,216.99999780952945,154.00000205636013,127.99999874830252,vertical_axis,-0.9461038248813622,37
24920,173.0,156.0,26.0,137.0,vertical_axis,4.786684788533094,5
12026,342.40041085665246,133.03102387690302,68.0,45.0,horizontal_axis,41.98721249581666,3
21733,264.0,183.5,461.0,243.0,vertical_axis,0.0,10
31362,265.5,219.0,121.0,100.0,horizontal_axis,0.0,3
