,centerX,centerY,width_box,height_box,axis,rotation,num_labels
26161,306.26309521663984,123.99711686259184,132.00000202655792,123.99999928474432,vertical_axis,-1.2562949417183091,5
33402,312.1615708792641,167.19642164708853,139.0,339.0,horizontal_axis,-4.538146118367962,3
7586,141.0,130.0,104.0,242.0,vertical_axis,0.0,23
1813,305.4427478608666,101.13918643057934,117.0,144.0,vertical_axis,82.38979948375481,18
3719,138.98844735210383,158.00002224402806,194.0,104.0,horizontal_axis,89.77936013245821,3
11871,140.39902612644647,259.5581130715853,65.00000201165676,65.00000052154064,vertical_axis,-24.221630647740938,3
20236,142.00000169873232,167.5000000372529,101.0000014752149,341.9999963939191,horizontal_axis,0.0,3
