,centerX,centerY,width_box,height_box,axis,rotation,num_labels
7985,254.9261460188759,209.50181924005403,494.0,261.0,horizontal_axis,-1.6958016442807349,23
11176,161.0,140.0,62.0,104.0,horizontal_axis,0.0,3
12933,161.0,136.5,62.0,111.0,vertical_axis,0.0,9
