,centerX,centerY,width_box,height_box,axis,rotation,num_labels
25653,261.9999998211861,246.0000002980232,200.0,100.0,horizontal_axis,10.4979423163458,6
1301,158.00000207689055,340.49999820921164,36.00000347561283,19.000001716613667,horizontal_axis,0.9677073826114936,4
21439,262.8682826648281,222.617713586224,180.0,100.0,vertical_axis,9.309727183086224,11
3667,291.0,382.0,200.0,100.0,vertical_axis,14.737461478476916,4
4595,156.0,354.0,28.0,28.0,vertical_axis,0.0,3
5333,155.0,348.0,200.0,100.0,vertical_axis,0.0,3
14248,339.7357178336937,388.1415177037232,261.999998152256,51.00000146031368,horizontal_axis,13.064319048572004,4
