,centerX,centerY,width_box,height_box,axis,rotation,num_labels
30797,283.4505780657587,154.5347192913636,335.0,198.0,vertical_axis,1.6144750888971655,6
30345,167.56462234564373,128.4913818198316,237.0,100.0,horizontal_axis,268.2510539554458,20
9319,38.65117677321953,136.77872135353186,71.0000009611249,86.00000010430807,vertical_axis,-12.857298859592532,3
9951,268.0,169.0,132.0,156.0,vertical_axis,-3.4134115784981987,5
10862,369.68122258601807,144.4226672939314,112.0000013113022,166.99999900162226,vertical_axis,-5.514287474684451,7
