,centerX,centerY,width_box,height_box,axis,rotation,num_labels
146,240.0,301.0,200.0,100.0,vertical_axis,0.0,3
20859,241.0,298.5,62.0,63.0,vertical_axis,0.0,22
7725,144.82323103933032,206.338738930124,48.00000113248814,393.9999978095293,vertical_axis,38.78522128644838,11
20858,159.75630021921182,188.85332042742647,62.0,194.0,vertical_axis,39.017969131038015,7
32114,119.5,399.5,239.0,45.0,horizontal_axis,0.0,3
5034,251.0,145.0,29.0,168.0,vertical_axis,3.29889848443824,4
29967,240.5,296.0,55.0,57.0,horizontal_axis,0.0,12
