,centerX,centerY,width_box,height_box,axis,rotation,num_labels
27184,316.5,106.0,259.0,202.0,vertical_axis,0.0,30
33666,243.7878870017492,266.80956108471923,163.0,87.0,vertical_axis,0.6683410123597184,24
18723,154.9742456162707,246.59993142311623,349.99999776482593,100.0,vertical_axis,4.9165463301693535,6
10842,319.9999990463257,168.50000002235174,166.00000050663948,91.00000013411044,vertical_axis,0.0,18
3574,84.4119024231286,251.45653146582688,93.0,44.0,vertical_axis,8.454525003250765,4
32678,146.0,258.0,35.0,69.0,vertical_axis,0.0,6
