,centerX,centerY,width_box,height_box,axis,rotation,num_labels
32,262.0,145.0,488.0,182.0,vertical_axis,0.0,16
29475,166.0,74.5,38.0,31.0,vertical_axis,0.0,4
23412,375.9999982118607,73.00000129640097,32.00000250339508,42.00000086426735,vertical_axis,0.0,6
32907,294.9999988377095,142.0000005364418,196.0000001192093,100.0,horizontal_axis,0.0,4
15211,289.0,142.0,200.0,100.0,vertical_axis,0.0,8
6373,75.5,128.0,81.0,146.0,vertical_axis,0.0,7
11437,237.50000027567148,140.00000029802322,29.000002548098507,70.00000044703484,vertical_axis,0.0,3
18910,285.0,76.0,274.0,64.0,vertical_axis,0.0,4
27792,460.0,129.0,86.0,147.0,vertical_axis,0.0,5
