,centerX,centerY,width_box,height_box,axis,rotation,num_labels
6877,249.5000001937151,200.9999997317792,360.99999520182615,245.99999564886105,vertical_axis,0.0,32
20836,256.0,348.0,501.0,61.0,horizontal_axis,0.0,4
8697,274.9999994337559,334.999995738268,331.9999960660935,80.00000059604645,vertical_axis,0.0,5
16109,106.00000279396768,298.99999800696975,27.000003222376108,44.00000104308123,vertical_axis,0.0,3
