,centerX,centerY,width_box,height_box,axis,rotation,num_labels
8714,338.5,118.0,125.0,100.0,vertical_axis,0.0,32
26303,337.9999982621936,415.9999966091583,114.00000182257747,100.0,vertical_axis,0.0,15
18355,341.0,268.5,132.0,403.0,horizontal_axis,0.0,13
7082,255.5,265.5,509.0,465.0,horizontal_axis,0.0,4
18352,256.0,258.0,506.0,100.0,horizontal_axis,0.0,4
13737,339.0,261.0,200.0,100.0,horizontal_axis,0.0,3
