,centerX,centerY,width_box,height_box,axis,rotation,num_labels
19230,77.0014354215478,127.43284244023424,61.000002071261406,109.9999998509884,vertical_axis,-7.673299849862957,24
25317,203.5000023469328,44.00000661611523,17.000008180737098,24.00000339746458,vertical_axis,0.0,3
3053,226.5,133.5,61.0,51.0,vertical_axis,0.0,26
1962,87.96905787664485,170.64955588402313,62.0,38.0,horizontal_axis,-10.091580765318554,3
6932,78.21336911535008,115.6283438929085,200.0,75.000000745058,vertical_axis,-8.217480181529183,3
