,centerX,centerY,width_box,height_box,axis,rotation,num_labels
22724,245.5000001564622,306.4999982491136,169.000000461936,136.99999944865704,vertical_axis,0.0,41
725,256.0,207.0,478.0,314.0,vertical_axis,0.0,10
2215,101.0,178.5,180.0,234.0,vertical_axis,0.0,5
17312,402.4999978169799,199.4999998435378,161.00000058114523,250.9999977499248,vertical_axis,0.0,3
6222,247.0,323.0,200.0,100.0,horizontal_axis,0.0,4
26260,314.49999876022343,218.4999993748135,129.000001504686,101.99999995761452,vertical_axis,0.0,4
