,centerX,centerY,width_box,height_box,axis,rotation,num_labels
964,254.5,168.0,505.0,330.0,vertical_axis,0.0,4
5770,264.4999998733401,228.9999991208315,114.00000128149992,100.0,vertical_axis,0.0,54
7018,486.5117836555992,185.4202570397368,65.0,150.0,vertical_axis,-3.212209760109218,4
30072,255.01227055573412,70.00798270986974,92.0,44.0,vertical_axis,1.296715510062569,6
18880,255.0,73.0,498.0,142.0,vertical_axis,0.0,4
