,centerX,centerY,width_box,height_box,axis,rotation,num_labels
851,212.65786250442736,205.95208474647904,90.0,44.0,horizontal_axis,3.915324346394073,6
22750,133.9792058572596,120.10591235077165,72.0,94.0,vertical_axis,-0.4042734840571853,52
9578,450.5,75.5,73.0,155.0,vertical_axis,0.0,4
18743,345.4999986663461,173.00000028312206,70.00000193715096,43.00000084936619,vertical_axis,0.0,5
