,centerX,centerY,width_box,height_box,axis,rotation,num_labels
1284,372.4999975310434,177.49999986224708,181.0000004026625,53.000000996059725,vertical_axis,0.0,20
10473,199.50000084191555,169.00000002980232,161.0000005811453,100.0,vertical_axis,0.0,13
9651,278.5,181.5,449.0,61.0,horizontal_axis,0.0,5
19245,278.9999996572733,171.0,399.9999970197678,100.0,vertical_axis,0.0,19
11935,281.0,171.0,200.0,100.0,vertical_axis,0.0,4
