,centerX,centerY,width_box,height_box,axis,rotation,num_labels
31358,391.0,258.0,206.0,354.0,vertical_axis,0.0,21
32674,120.0,272.0,220.0,263.0,vertical_axis,0.0,16
8386,120.00000405311572,192.00000190734852,200.0,100.0,vertical_axis,0.0,6
27299,399.0,39.0,229.0,87.0,vertical_axis,0.0,15
11647,374.4161994033676,407.1934163021064,154.0,50.0,vertical_axis,3.4533162505310884,6
25144,390.0,165.0,200.0,100.0,vertical_axis,0.9301389530055388,5
10637,393.0,236.0,200.0,100.0,horizontal_axis,0.0,3
32675,39.0,358.0,82.0,177.0,vertical_axis,0.0,3
