,centerX,centerY,width_box,height_box,axis,rotation,num_labels
32640,205.0,341.0,200.0,258.0,vertical_axis,0.0,37
861,197.0,129.0,177.0,277.0,vertical_axis,0.0,4
20846,373.3209424803055,412.4935794362003,97.0,110.0,vertical_axis,8.195981520949942,4
1931,209.99960434808344,109.90662517130168,178.00000032782555,195.99999856948853,horizontal_axis,0.9264111070202148,5
26364,39.0,290.0,54.0,91.0,vertical_axis,0.0,5
13345,171.00000253319735,113.000004261732,200.0,100.0,horizontal_axis,-89.18925937833603,4
33414,336.5,180.0,79.0,369.0,horizontal_axis,0.0,6
