,centerX,centerY,width_box,height_box,axis,rotation,num_labels
11501,411.052566476598,138.86296513297907,201.0,170.0,vertical_axis,-1.4892111734714462,35
20923,271.5,443.5,153.0,131.0,vertical_axis,0.0,9
14349,262.0,352.5,200.0,259.0,vertical_axis,0.0,12
5523,265.6357688951017,349.8147777258434,77.0,104.0,vertical_axis,0.7707487453919839,3
