,centerX,centerY,width_box,height_box,axis,rotation,num_labels
5388,415.0,271.0,200.0,100.0,vertical_axis,0.0,32
8716,407.2189108089328,260.8475558114095,200.0,442.0,vertical_axis,-0.2899670228029976,30
33428,249.5,103.0,24.0,68.0,vertical_axis,5.455002566983225,5
2870,74.48508654461398,132.93034164001614,149.00000075995922,99.00000001490116,vertical_axis,-8.089874115494652,22
24535,81.77814393260053,134.48221868147766,144.0000004172325,100.0,horizontal_axis,-6.333650966532986,9
12937,413.569091913153,168.15787990452452,68.0,33.0,vertical_axis,-3.667788055531446,4
