,centerX,centerY,width_box,height_box,axis,rotation,num_labels
2184,157.0,292.0,200.0,100.0,horizontal_axis,90.0,3
14254,156.00000298023213,288.4999990314245,110.000002682209,210.99999669194227,vertical_axis,0.0,39
28872,315.0,248.5,120.0,149.0,vertical_axis,0.0,27
19590,412.9999953210355,314.99999824166304,128.00000214576716,104.99999985098844,vertical_axis,0.0,27
14255,313.9999982714653,279.9999992847442,78.00000363588313,95.00000014901156,horizontal_axis,0.0,4
