,centerX,centerY,width_box,height_box,axis,rotation,num_labels
22483,227.0,275.5,202.0,302.0,vertical_axis,0.0,38
11671,64.5,363.0,131.0,137.0,horizontal_axis,17.59242456218159,10
23744,228.0,269.0,200.0,100.0,vertical_axis,0.0,8
14065,62.30713928832063,361.3970822230505,131.00000146230047,144.99999904632574,vertical_axis,21.281374572192465,14
