,centerX,centerY,width_box,height_box,axis,rotation,num_labels
1125,409.4418020106465,390.1626974819161,122.0,208.0,vertical_axis,-72.85804044618038,6
34174,122.00000199675554,230.5000003799796,180.00000029802322,364.9999960511924,vertical_axis,-5.440504267539836e-06,26
31280,256.0,324.0,207.0,61.0,vertical_axis,0.0,8
19308,255.0,405.5,198.0,199.0,vertical_axis,0.0,16
6561,255.0,334.5,514.0,51.0,vertical_axis,0.0,4
12701,249.5,322.0,499.0,263.0,horizontal_axis,0.0,3
33790,259.99999994039536,419.9999975562096,200.0,100.0,vertical_axis,89.59792635144719,3
